行业类型,日期1,有功功率最大值（kw）,有功功率最小值（kw）,最高温度,最低温度,白天风力风向,夜晚风力风向,天气1,天气2
非普工业,2019-10-10,2621.3316,892.5384,32,25,1,1,3.0,3.0
非普工业,2019-10-11,2669.0172,978.3816,33,25,1,1,0.0,0.0
非普工业,2019-10-12,2632.9704,1020.0588,33,24,1,1,3.0,7.0
非普工业,2019-10-13,1810.2156,965.6964,31,23,1,1,7.0,7.0
非普工业,2019-10-14,2522.4576,943.8792,29,23,1,1,3.0,3.0
非普工业,2019-10-15,2547.534,969.5412,30,23,1,1,0.0,0.0
非普工业,2019-10-16,2281.4472,864.7860000000002,31,23,1,1,3.0,0.0
非普工业,2019-10-17,2250.7188,861.5748,31,21,1,1,0.0,0.0
非普工业,2019-10-18,2021.9556,842.7576,30,20,1,1,0.0,0.0
非普工业,2019-10-19,1603.122,830.6784,31,22,1,1,0.0,0.0
非普工业,2019-10-20,1572.9312,831.1956,30,22,1,1,0.0,0.0
非普工业,2019-10-21,2236.6104,852.6804,30,21,1,1,0.0,0.0
非普工业,2019-10-22,2110.0848,849.2664,30,22,1,1,3.0,0.0
非普工业,2019-10-23,2228.3592,843.8580000000002,30,22,1,1,8.0,8.0
非普工业,2019-10-24,2182.4424,848.91,28,22,1,1,5.0,3.0
非普工业,2019-10-25,2176.9032,833.07,30,21,1,1,3.0,3.0
非普工业,2019-10-26,1633.266,815.1084,28,21,1,1,5.0,5.0
非普工业,2019-10-27,1445.37,782.8716,26,20,1,1,5.0,5.0
非普工业,2019-10-28,2075.7648,738.6672,28,19,1,1,3.0,3.0
非普工业,2019-10-29,1705.2348,684.204,27,17,1,1,0.0,0.0
非普工业,2019-10-30,1856.2896,735.0336,27,17,1,1,3.0,3.0
非普工业,2019-10-31,1900.5336,682.2624,28,19,1,1,3.0,3.0
非普工业,2019-11-01,1923.9336,688.1532,28,20,1,1,3.0,3.0
非普工业,2019-11-02,1574.388,800.082,31,23,1,1,3.0,3.0
非普工业,2019-11-03,1599.9984,539.9652,30,20,5,5,3.0,0.0
非普工业,2019-11-04,1971.9636,755.4516,28,18,1,1,0.0,0.0
非普工业,2019-11-05,1871.2008,695.442,27,17,1,1,0.0,0.0
非普工业,2019-11-06,1925.4288,718.9188,28,18,1,1,0.0,0.0
非普工业,2019-11-07,1909.1424,706.6524,27,17,5,5,0.0,3.0
非普工业,2019-11-08,1809.5796,706.5672,27,17,5,5,0.0,0.0
非普工业,2019-11-09,1435.5479999999998,-10.944,27,17,1,1,0.0,0.0
非普工业,2019-11-10,1384.2984,705.1152,27,16,1,1,0.0,0.0
非普工业,2019-11-11,1869.9264,702.9252,29,17,1,1,0.0,0.0
非普工业,2019-11-12,2044.2636,759.1692,28,19,1,1,0.0,0.0
非普工业,2019-11-13,2045.2308,814.0764,29,16,1,1,0.0,0.0
非普工业,2019-11-14,1868.1972,714.5148,25,16,1,1,0.0,0.0
非普工业,2019-11-15,1882.8204,691.59,26,18,1,1,0.0,0.0
非普工业,2019-11-16,1428.4979999999996,781.3488,29,20,1,1,0.0,0.0
非普工业,2019-11-17,1510.1952,726.1224,27,18,1,1,0.0,0.0
非普工业,2019-11-18,2011.9824,748.6968,24,14,5,5,3.0,0.0
非普工业,2019-11-19,1684.0932,657.6768,22,14,5,5,0.0,0.0
非普工业,2019-11-20,1759.6728,664.5768,25,15,1,1,0.0,0.0
非普工业,2019-11-21,1731.876,683.85,24,17,1,1,0.0,0.0
非普工业,2019-11-22,1754.6928,664.1088,26,17,1,1,0.0,0.0
非普工业,2019-11-23,1418.2416,683.6352,28,17,1,1,0.0,0.0
非普工业,2019-11-24,1437.7176,723.1704,28,17,1,1,0.0,0.0
非普工业,2019-11-25,1956.3216,772.5144,28,16,5,5,0.0,3.0
非普工业,2019-11-26,1858.704,702.372,24,18,1,1,3.0,3.0
非普工业,2019-11-27,1845.9672,702.438,25,15,1,1,3.0,3.0
非普工业,2019-11-28,1778.7804,647.1588,19,12,5,5,3.0,0.0
非普工业,2019-11-29,1764.3312,637.4328,21,12,1,1,3.0,3.0
非普工业,2019-11-30,1257.1116,667.5924,24,13,5,5,3.0,0.0
非普工业,2019-12-01,1311.6,655.2996,25,13,5,5,0.0,0.0
非普工业,2019-12-02,1714.0488,407.2428,17,10,6,6,3.0,0.0
非普工业,2019-12-03,1724.3352,651.8616,19,10,5,5,0.0,0.0
非普工业,2019-12-04,1820.2668,629.0628,20,11,5,5,0.0,3.0
非普工业,2019-12-05,1748.586,649.2552,18,13,1,1,3.0,3.0
非普工业,2019-12-06,1689.2244,636.1416,20,9,5,5,0.0,0.0
非普工业,2019-12-07,1184.682,629.004,20,8,1,1,0.0,0.0
非普工业,2019-12-08,1328.2944,596.6952,21,10,1,1,0.0,0.0
非普工业,2019-12-09,1797.6024,614.5152,20,10,1,1,3.0,0.0
非普工业,2019-12-10,1778.91,680.0292,22,10,1,1,0.0,0.0
非普工业,2019-12-11,1717.4148,651.5904,23,10,1,1,0.0,0.0
非普工业,2019-12-12,1677.0744,660.5928,24,12,1,1,0.0,0.0
非普工业,2019-12-13,1874.034,658.8516,25,15,1,1,0.0,0.0
非普工业,2019-12-14,1321.3404,651.4152,25,14,1,1,0.0,3.0
非普工业,2019-12-15,1321.1952,658.5636,26,15,1,1,3.0,3.0
非普工业,2019-12-16,1973.3412,691.08,25,19,1,1,5.0,5.0
非普工业,2019-12-17,1962.4524,788.0496,26,19,1,1,3.0,3.0
非普工业,2019-12-18,1987.1904,796.5012,27,16,1,1,3.0,8.0
非普工业,2019-12-19,1923.0912,712.914,15,13,5,5,5.0,5.0
非普工业,2019-12-20,1838.4432,678.5916,20,13,1,1,5.0,3.0
非普工业,2019-12-21,1271.4684,647.076,19,13,1,1,5.0,5.0
非普工业,2019-12-22,1238.3712,634.368,22,16,1,1,5.0,3.0
非普工业,2019-12-23,1778.7720000000004,658.554,23,15,1,1,3.0,8.0
非普工业,2019-12-24,1904.9172,697.5156,24,18,1,1,5.0,3.0
非普工业,2019-12-25,1899.672,672.0588,22,16,1,1,3.0,3.0
非普工业,2019-12-26,1867.6212,665.4804,22,11,5,5,0.0,3.0
非普工业,2019-12-27,1721.5896,659.3064,18,10,1,1,0.0,0.0
非普工业,2019-12-28,1265.1828,648.2568,21,12,1,1,3.0,5.0
非普工业,2019-12-29,1333.8852,649.716,18,15,1,1,8.0,5.0
非普工业,2019-12-30,1930.284,655.74,22,14,1,1,6.0,3.0
非普工业,2019-12-31,1877.6856,688.2924,22,14,1,1,3.0,0.0
非普工业,2020-01-01,1243.1964,654.6024,21,14,1,1,5.0,3.0
非普工业,2020-01-02,1790.1048,663.7908,23,15,1,1,3.0,0.0
非普工业,2020-01-03,1779.6324,692.2044,23,15,1,1,0.0,3.0
非普工业,2020-01-04,1311.5892,374.5848,24,16,1,1,3.0,3.0
非普工业,2020-01-05,1303.4364,648.5304,24,16,1,1,3.0,8.0
非普工业,2020-01-06,1855.1112,645.2064,25,20,1,1,5.0,5.0
非普工业,2020-01-07,1898.3916,653.5416,26,16,1,1,3.0,0.0
非普工业,2020-01-08,1770.1056,664.3752,24,15,1,1,0.0,3.0
非普工业,2020-01-09,1738.7712,535.8324,25,17,1,1,3.0,3.0
非普工业,2020-01-10,1735.59,659.6184,25,19,1,1,5.0,5.0
非普工业,2020-01-11,1308.0228,647.136,24,11,5,5,5.0,8.0
非普工业,2020-01-12,1086.0036,487.3824,15,9,1,1,5.0,3.0
非普工业,2020-01-13,1582.8348,622.8468,21,12,1,1,3.0,3.0
非普工业,2020-01-14,1622.3304,658.1604,21,15,1,1,3.0,3.0
非普工业,2020-01-15,1576.6632,662.7792,23,14,1,1,3.0,3.0
非普工业,2020-01-16,1629.336,640.3068,23,13,5,5,5.0,3.0
非普工业,2020-01-17,1506.078,625.8792,14,10,1,1,5.0,5.0
非普工业,2020-01-18,1038.4536,518.22,15,12,1,1,5.0,5.0
非普工业,2020-01-19,1217.1936,571.5216,15,12,1,1,5.0,5.0
非普工业,2020-01-20,1081.4844,597.5832,18,12,1,1,5.0,3.0
非普工业,2020-01-21,1113.7368,562.6284,21,15,1,1,5.0,5.0
非普工业,2020-01-22,1079.5716,584.0688,24,18,1,1,3.0,5.0
非普工业,2020-01-23,1039.3416,516.8232,26,19,1,1,3.0,3.0
非普工业,2020-01-24,865.6368,511.29,27,19,1,1,5.0,3.0
非普工业,2020-01-25,819.0636,572.0664,15,11,1,1,8.0,11.0
非普工业,2020-01-26,726.5880000000002,329.6604,15,7,5,5,8.0,5.0
非普工业,2020-01-27,780.2928,268.4772,15,7,1,1,3.0,3.0
非普工业,2020-01-28,724.8528,191.2452,15,7,1,1,3.0,0.0
非普工业,2020-01-29,732.5796,208.1472,16,8,5,5,3.0,0.0
非普工业,2020-01-30,856.8276,199.8384,17,8,1,1,0.0,0.0
非普工业,2020-01-31,823.86,240.2424,20,8,1,1,0.0,3.0
非普工业,2020-02-01,797.0112,279.7164,19,10,1,1,5.0,5.0
非普工业,2020-02-02,784.44,428.2128,20,14,1,1,5.0,5.0
非普工业,2020-02-03,945.1104,547.1844,19,11,1,1,8.0,9.0
非普工业,2020-02-04,877.7112,558.0804,15,11,1,1,6.0,6.0
非普工业,2020-02-05,905.1336,582.774,18,13,1,1,8.0,5.0
非普工业,2020-02-06,888.9228,488.364,18,14,1,1,8.0,8.0
非普工业,2020-02-07,915.3288,575.1696,16,12,1,1,8.0,5.0
非普工业,2020-02-08,820.2588,352.5996,19,13,1,1,5.0,3.0
非普工业,2020-02-09,966.8184,421.8084,18,12,1,1,5.0,5.0
非普工业,2020-02-10,1045.2684,702.6419999999998,19,14,1,1,5.0,8.0
非普工业,2020-02-11,1039.8468,700.0512,18,14,1,1,8.0,5.0
非普工业,2020-02-12,1070.8356,180.68400000000003,21,16,1,1,5.0,8.0
非普工业,2020-02-13,1144.3332,720.738,21,17,1,1,13.0,11.0
非普工业,2020-02-14,1234.8336,610.9104,23,19,1,1,8.0,11.0
非普工业,2020-02-15,1161.0996,605.886,21,8,5,5,15.0,11.0
非普工业,2020-02-16,1093.4616,733.992,12,6,5,5,8.0,5.0
非普工业,2020-02-17,1012.386,488.2596,16,6,5,5,0.0,0.0
非普工业,2020-02-18,1044.534,542.5524,17,8,1,1,0.0,0.0
非普工业,2020-02-19,1172.4384,589.4892,19,10,1,1,3.0,3.0
非普工业,2020-02-20,1132.0512,573.336,22,12,1,1,3.0,3.0
非普工业,2020-02-21,1084.842,581.8476,24,14,1,1,0.0,3.0
非普工业,2020-02-22,1075.956,536.9892,26,15,1,1,3.0,3.0
非普工业,2020-02-23,1142.3016,560.0652,26,16,1,1,3.0,3.0
非普工业,2020-02-24,1246.8972,625.1496,25,18,1,1,3.0,3.0
非普工业,2020-02-25,1267.7412,622.4916,27,18,1,1,3.0,3.0
非普工业,2020-02-26,1319.8512,799.0884,28,19,1,1,0.0,3.0
非普工业,2020-02-27,1373.7384,743.5992,28,18,1,1,3.0,5.0
非普工业,2020-02-28,1451.7528,788.4204,26,19,1,1,5.0,5.0
非普工业,2020-02-29,1268.3244,694.5816,27,18,1,1,5.0,5.0
非普工业,2020-03-01,1307.1444,804.6168,27,19,1,1,3.0,3.0
非普工业,2020-03-02,1814.6856,826.6068,26,18,1,1,3.0,3.0
非普工业,2020-03-03,1915.3176,777.816,25,18,1,1,5.0,11.0
非普工业,2020-03-04,1943.8188,777.6504,18,13,1,1,,11.0
非普工业,2020-03-05,1519.1904,764.7288,20,14,1,1,5.0,3.0
非普工业,2020-03-06,1620.5688,769.638,21,18,1,1,5.0,5.0
非普工业,2020-03-07,1407.1584,796.5756,24,18,1,1,5.0,5.0
非普工业,2020-03-08,1597.638,801.0216,26,22,1,1,5.0,5.0
非普工业,2020-03-09,1985.3568,823.6032,26,18,5,5,8.0,11.0
非普工业,2020-03-10,1660.5768,785.3736,23,16,5,5,3.0,3.0
非普工业,2020-03-11,1987.902,858.96,24,18,1,1,3.0,8.0
非普工业,2020-03-12,1756.632,867.5136,23,18,1,1,5.0,5.0
非普工业,2020-03-13,2226.1788,934.6056,27,18,1,1,8.0,8.0
非普工业,2020-03-14,1547.5296,775.9704,21,16,1,1,5.0,3.0
非普工业,2020-03-15,1446.4548,874.314,24,17,1,1,3.0,3.0
非普工业,2020-03-16,1653.2772,896.568,23,19,1,1,5.0,5.0
非普工业,2020-03-17,1799.4828,912.6756,23,20,1,1,5.0,8.0
非普工业,2020-03-18,1710.6624,931.9332,22,18,1,1,6.0,11.0
非普工业,2020-03-19,1948.7196,903.7956,22,19,1,1,11.0,11.0
非普工业,2020-03-20,1785.8316,769.3824,24,21,1,1,6.0,5.0
非普工业,2020-03-21,1673.922,985.5492,25,21,1,1,5.0,3.0
非普工业,2020-03-22,1645.0452,995.718,29,21,1,1,3.0,3.0
非普工业,2020-03-23,1926.4392,1030.23,28,22,1,1,3.0,3.0
非普工业,2020-03-24,1947.204,1056.7764,29,22,1,1,5.0,6.0
非普工业,2020-03-25,1987.6584,1036.806,27,22,1,1,7.0,7.0
非普工业,2020-03-26,2323.1196,1046.6652,27,20,1,1,7.0,7.0
非普工业,2020-03-27,2500.3896,1145.4036,27,17,1,1,13.0,15.0
非普工业,2020-03-28,1546.7520000000004,953.85,21,17,5,5,5.0,5.0
非普工业,2020-03-29,1579.4244,852.2832,21,18,1,1,5.0,8.0
非普工业,2020-03-30,1734.5916,782.6292,16,13,1,1,8.0,8.0
非普工业,2020-03-31,1778.7756,853.8708,16,13,1,1,6.0,6.0
非普工业,2020-04-01,1916.1852,972.864,18,14,1,1,6.0,6.0
非普工业,2020-04-02,1991.8596,952.7328,18,14,1,1,8.0,8.0
非普工业,2020-04-03,1982.0484,955.2876,19,16,1,1,8.0,8.0
非普工业,2020-04-04,1687.4796,738.618,18,15,1,1,8.0,6.0
非普工业,2020-04-05,1508.9856,1013.982,16,15,1,1,11.0,11.0
非普工业,2020-04-06,1643.8152,960.3828,16,14,1,1,13.0,8.0
非普工业,2020-04-07,1842.0792,998.0052,18,16,1,1,5.0,5.0
非普工业,2020-04-08,1827.5004,1013.3148,24,17,1,1,3.0,3.0
非普工业,2020-04-09,1773.2868,872.6532,26,19,1,1,3.0,3.0
非普工业,2020-04-10,1771.2696,982.8312,28,19,1,1,3.0,3.0
非普工业,2020-04-11,1833.0792,1122.1596,27,15,5,5,13.0,6.0
非普工业,2020-04-12,1451.0772,536.0796,22,11,5,5,0.0,0.0
非普工业,2020-04-13,1801.1544,644.4252,24,15,1,1,0.0,3.0
非普工业,2020-04-14,2099.4216,985.5156,23,15,1,1,5.0,5.0
非普工业,2020-04-15,1805.3172,847.6812,25,16,1,1,0.0,3.0
非普工业,2020-04-16,1970.4864,926.802,27,18,1,1,3.0,3.0
非普工业,2020-04-17,2150.2032,1152.1176,28,21,1,1,3.0,5.0
非普工业,2020-04-18,1944.0084,1210.5564,28,22,1,1,5.0,5.0
非普工业,2020-04-19,1977.414,1204.1628,29,23,1,1,3.0,3.0
非普工业,2020-04-20,2479.8432,1341.4764,31,24,1,1,3.0,3.0
非普工业,2020-04-21,2684.3796,1383.3888,31,21,1,1,7.0,11.0
非普工业,2020-04-22,2259.9072,1279.3632,23,18,1,1,11.0,11.0
非普工业,2020-04-23,2305.3284,1078.4076,20,16,1,1,11.0,9.0
非普工业,2020-04-24,1954.8288,1104.0444,19,15,1,1,8.0,5.0
非普工业,2020-04-25,1795.422,856.83,22,17,1,1,5.0,8.0
非普工业,2020-04-26,1903.9428,1010.4948,25,19,1,1,5.0,5.0
非普工业,2020-04-27,2113.7088,1142.142,29,19,1,1,3.0,3.0
非普工业,2020-04-28,2263.8588,1235.0724,30,20,1,1,3.0,3.0
非普工业,2020-04-29,2220.0756,1150.5408,31,21,1,1,3.0,3.0
非普工业,2020-04-30,2550.186,1341.1572,31,22,1,1,3.0,3.0
非普工业,2020-05-01,2068.1388,1332.6276,32,23,1,1,0.0,3.0
非普工业,2020-05-02,2151.3012,1385.2872,32,25,1,1,3.0,3.0
非普工业,2020-05-03,2300.5164,1425.4428,33,25,1,1,0.0,0.0
非普工业,2020-05-04,2736.5652,1588.7004,35,26,1,1,0.0,0.0
非普工业,2020-05-05,2859.3096,1608.7379999999996,35,27,1,1,3.0,3.0
非普工业,2020-05-06,3562.0692,1856.5872,35,27,1,1,3.0,3.0
非普工业,2020-05-07,3627.2364,1738.7496,35,28,5,5,3.0,3.0
非普工业,2020-05-08,3970.8276,1895.5368,34,28,1,1,3.0,3.0
非普工业,2020-05-09,3642.4116,1740.5916,35,27,1,1,3.0,7.0
非普工业,2020-05-10,2972.1492,1750.2672,32,25,1,1,11.0,11.0
非普工业,2020-05-11,3593.6448,1592.9472,31,24,1,1,11.0,11.0
非普工业,2020-05-12,3366.8964,1526.1972,30,24,1,1,5.0,5.0
非普工业,2020-05-13,3573.312,1552.4052,33,26,1,1,7.0,3.0
非普工业,2020-05-14,3485.8752,1543.7412,32,25,1,1,6.0,3.0
非普工业,2020-05-15,3528.2316,1596.9779999999996,34,26,1,1,3.0,3.0
非普工业,2020-05-16,2834.5104,1615.0356,35,26,1,1,0.0,3.0
非普工业,2020-05-17,2788.6848,1269.6384,32,24,1,1,7.0,13.0
非普工业,2020-05-18,3542.3988,1291.2756,29,24,1,1,7.0,13.0
非普工业,2020-05-19,3465.3756,1155.4716,31,24,1,1,7.0,7.0
非普工业,2020-05-20,3757.4496,1598.5428,33,25,1,1,7.0,
非普工业,2020-05-21,3837.5988,1607.9532,29,25,1,1,15.0,13.0
非普工业,2020-05-22,3734.5224,1702.5876,30,25,1,1,13.0,6.0
非普工业,2020-05-23,2788.5756,1200.6048,30,24,1,1,5.0,7.0
非普工业,2020-05-24,2646.9144,1531.5972,33,25,1,1,3.0,3.0
非普工业,2020-05-25,3727.5408,1561.8804,30,25,1,1,13.0,13.0
非普工业,2020-05-26,3799.5084,1670.1072,32,26,1,1,6.0,6.0
非普工业,2020-05-27,3610.062,1591.3848,31,25,1,1,5.0,5.0
非普工业,2020-05-28,3555.5832,1498.0572,32,25,1,1,3.0,3.0
非普工业,2020-05-29,3680.25,1653.2292,31,25,1,1,6.0,6.0
非普工业,2020-05-30,2897.1,1613.1492,30,26,1,1,11.0,7.0
非普工业,2020-05-31,2899.2864,1575.1992,33,26,1,1,7.0,3.0
非普工业,2020-06-01,3768.1008,1571.7432,31,26,1,1,7.0,5.0
非普工业,2020-06-02,3795.42,1521.624,31,26,1,1,13.0,6.0
非普工业,2020-06-03,3725.9208,1544.4648,33,25,1,1,7.0,6.0
非普工业,2020-06-04,3776.5428,1658.4792,33,26,1,1,7.0,3.0
非普工业,2020-06-05,4073.3748,1668.8964,33,25,1,1,7.0,15.0
非普工业,2020-06-06,2919.918,1592.5596,30,25,1,1,11.0,14.0
非普工业,2020-06-07,2808.5796,1529.3268,29,25,1,1,13.0,7.0
非普工业,2020-06-08,3793.6104,1603.4508,30,26,1,1,14.0,8.0
非普工业,2020-06-09,4041.3396,1689.6636,31,26,1,1,7.0,5.0
非普工业,2020-06-10,3745.0104,1537.8432,32,26,1,1,3.0,3.0
非普工业,2020-06-11,3692.958,1714.7412,35,27,1,1,3.0,3.0
非普工业,2020-06-12,3728.2968,1706.562,35,27,1,1,3.0,3.0
非普工业,2020-06-13,3139.9968,1721.886,35,26,1,1,3.0,11.0
非普工业,2020-06-14,2804.2026,1690.2648,30,25,5,5,,6.0
非普工业,2020-06-15,3766.3764,1608.609,31,26,1,1,6.0,6.0
非普工业,2020-06-16,3876.0846,1634.2104,33,26,1,1,7.0,3.0
非普工业,2020-06-17,4084.251,1647.0264,33,25,1,1,6.0,3.0
非普工业,2020-06-18,4080.3894,1647.2826,33,26,1,1,6.0,3.0
非普工业,2020-06-19,4216.6188,1345.365,35,27,1,1,0.0,0.0
非普工业,2020-06-20,3031.9746,1735.1004,35,27,1,1,0.0,3.0
非普工业,2020-06-21,3047.3712,1691.7084,35,28,1,1,3.0,3.0
非普工业,2020-06-22,4167.7806,1803.6612,35,28,1,1,3.0,3.0
非普工业,2020-06-23,4284.4974,1858.086,35,29,1,1,3.0,3.0
非普工业,2020-06-24,4289.5626,1857.7962,35,28,1,1,3.0,3.0
非普工业,2020-06-25,2775.9948,1759.9206,31,27,1,1,7.0,7.0
非普工业,2020-06-26,2816.313,1672.9776,34,27,1,1,3.0,3.0
非普工业,2020-06-27,2982.0036,1762.3326,35,27,1,1,3.0,3.0
非普工业,2020-06-28,4106.004,1747.1208,35,28,1,1,3.0,3.0
非普工业,2020-06-29,4054.98,1369.2852,35,28,1,1,3.0,3.0
非普工业,2020-06-30,4188.8688,1713.63,35,28,1,1,0.0,3.0
非普工业,2020-07-01,4328.367,1836.4044,34,26,1,1,7.0,6.0
非普工业,2020-07-02,4182.2682,1769.3339999999996,34,27,1,1,7.0,6.0
非普工业,2020-07-03,4179.5646,23.544,33,27,1,1,7.0,6.0
非普工业,2020-07-04,3080.5464,1242.0468,33,27,1,1,7.0,7.0
非普工业,2020-07-04,3080.5464,1242.0468,33,27,1,1,7.0,7.0
非普工业,2020-07-05,2856.7584,1506.2094,35,27,1,1,3.0,3.0
非普工业,2020-07-05,2856.7584,1506.2094,35,27,1,1,3.0,3.0
非普工业,2020-07-06,4024.5486,1629.5448,36,27,1,1,6.0,3.0
非普工业,2020-07-07,4065.4362,1675.5120000000004,35,28,1,1,3.0,3.0
非普工业,2020-07-08,4077.2442,1585.6368,34,28,1,1,6.0,3.0
非普工业,2020-07-09,4203.1866,1531.5534,34,27,5,5,7.0,5.0
非普工业,2020-07-10,4328.5794,1390.1334,35,29,1,1,3.0,3.0
非普工业,2020-07-11,3270.1026,1422.5544,35,29,1,1,3.0,3.0
非普工业,2020-07-12,2839.9956,1174.8948,35,28,1,1,3.0,3.0
非普工业,2020-07-13,4156.3716,1419.0174,36,28,1,1,0.0,0.0
非普工业,2020-07-14,4173.6042,1540.5714,37,28,1,1,3.0,3.0
非普工业,2020-07-15,4332.920999999999,1846.2684,37,28,1,1,0.0,0.0
非普工业,2020-07-16,4216.3728,1845.882,36,29,1,1,3.0,3.0
非普工业,2020-07-17,4213.8972,1425.5856,36,29,1,1,0.0,0.0
非普工业,2020-07-18,3153.7224,1712.5218,37,28,1,1,3.0,3.0
非普工业,2020-07-19,3024.3972,1559.4228,36,28,1,1,3.0,3.0
非普工业,2020-07-20,3978.9312,1386.5346,36,29,1,1,3.0,3.0
非普工业,2020-07-21,3967.542,1406.256,36,28,1,1,3.0,3.0
非普工业,2020-07-22,3740.1612,1393.6314,37,28,1,1,0.0,0.0
非普工业,2020-07-23,3619.8432,1478.9862,36,28,1,1,0.0,0.0
非普工业,2020-07-24,3685.2498,1459.6842,38,28,1,1,0.0,3.0
非普工业,2020-07-25,3096.6054,1581.1758,37,29,1,1,0.0,0.0
非普工业,2020-07-26,3108.4536,1714.9326,38,29,1,1,0.0,0.0
非普工业,2020-07-27,3925.395,1521.5544,37,29,1,1,3.0,3.0
非普工业,2020-07-28,3886.785,1329.561,36,28,1,1,3.0,3.0
非普工业,2020-07-29,3952.9902,1629.0558,37,28,1,1,3.0,3.0
非普工业,2020-07-30,3733.7418,1506.1938,35,27,1,1,7.0,7.0
非普工业,2020-07-31,4063.3302,1301.2902,31,26,1,1,,11.0
非普工业,2020-08-01,2993.3214,982.9374,31,26,5,5,11.0,11.0
非普工业,2020-08-02,2568.1626,1127.2428,29,25,1,1,,6.0
非普工业,2020-08-03,3378.5112,1106.4168,31,25,1,1,11.0,6.0
非普工业,2020-08-04,3489.0606,1277.241,35,26,1,1,7.0,7.0
非普工业,2020-08-05,3390.6894,1309.7214,30,25,1,1,11.0,11.0
非普工业,2020-08-06,3355.884,1172.9958,33,26,1,1,7.0,3.0
非普工业,2020-08-07,3610.6854,1333.8696,35,26,1,1,3.0,3.0
非普工业,2020-08-08,2984.5104,1197.2364,34,26,1,1,8.0,5.0
非普工业,2020-08-09,2703.0396,1398.9336,36,27,1,1,3.0,3.0
非普工业,2020-08-10,3658.5798,1656.4968,36,27,1,1,3.0,3.0
非普工业,2020-08-11,3886.0746,1435.6884,36,27,1,1,3.0,3.0
非普工业,2020-08-12,3589.176,1688.4492,32,26,5,5,7.0,7.0
非普工业,2020-08-13,3467.2482,1319.4948,33,25,5,5,11.0,11.0
非普工业,2020-08-14,3415.9992,1216.614,33,26,5,5,6.0,7.0
非普工业,2020-08-15,2944.8528,1548.726,34,26,1,1,6.0,6.0
非普工业,2020-08-16,2768.322,1532.388,34,27,1,1,7.0,7.0
非普工业,2020-08-17,3388.7874,1550.3466,33,26,5,5,8.0,8.0
非普工业,2020-08-18,3566.8878,1253.9514,33,25,1,1,8.0,8.0
非普工业,2020-08-19,3211.6716,1478.6076,28,26,5,5,8.0,5.0
非普工业,2020-08-20,3423.9882,1495.0728,32,27,5,5,7.0,7.0
非普工业,2020-08-21,3522.4356,1502.0394,36,26,1,1,8.0,8.0
非普工业,2020-08-22,2983.2282,1602.7686,35,26,1,1,3.0,3.0
非普工业,2020-08-23,2774.4888,1622.004,35,26,1,1,7.0,3.0
非普工业,2020-08-24,3716.1234,1674.2112,34,26,1,1,3.0,3.0
非普工业,2020-08-25,4164.5958,1372.4928,36,26,1,1,3.0,3.0
非普工业,2020-08-26,4078.7202,1717.8594,31,24,1,1,5.0,3.0
非普工业,2020-08-27,3795.18,1546.7148,34,25,1,1,3.0,3.0
非普工业,2020-08-28,3856.9782,598.116,36,27,1,1,3.0,3.0
非普工业,2020-08-29,3097.7394,0.0,36,28,1,1,3.0,0.0
非普工业,2020-08-30,3060.7074,1668.2364,35,27,1,1,3.0,3.0
非普工业,2020-08-31,3678.912,1542.441,35,27,1,1,7.0,7.0
非普工业,2020-09-01,4270.5264,1698.0888,36,28,1,1,7.0,3.0
非普工业,2020-09-02,4235.6886,1706.9448,36,27,1,1,3.0,3.0
非普工业,2020-09-03,4176.039000000002,1751.5698,36,28,1,1,3.0,3.0
非普工业,2020-09-04,4608.9612,1813.0416,35,27,1,1,7.0,3.0
非普工业,2020-09-05,2951.6502,1710.5064,33,27,1,1,7.0,7.0
非普工业,2020-09-06,2871.0354,1575.705,34,26,1,1,7.0,7.0
非普工业,2020-09-07,4210.3134,1668.7188,33,25,1,1,7.0,7.0
非普工业,2020-09-08,3956.7228,1473.4572,32,26,1,1,7.0,11.0
非普工业,2020-09-09,4217.4342,1638.7866,33,25,1,1,7.0,7.0
非普工业,2020-09-10,4074.6138,1592.4348,32,25,1,1,7.0,7.0
非普工业,2020-09-11,4127.0178,1662.0078,33,25,1,1,7.0,7.0
非普工业,2020-09-12,2931.0378,1541.6916,32,25,1,1,11.0,11.0
非普工业,2020-09-13,2806.1544,1515.3324,31,24,1,1,11.0,7.0
非普工业,2020-09-14,3999.6078,1591.0548,33,25,1,1,7.0,7.0
非普工业,2020-09-15,4016.7492,1566.6504,31,25,1,1,7.0,7.0
非普工业,2020-09-16,3893.655,1555.1946,32,24,1,1,7.0,3.0
非普工业,2020-09-17,4097.709,1596.2616,33,25,1,1,7.0,7.0
非普工业,2020-09-18,4099.257000000001,1602.5592,29,24,1,1,11.0,11.0
非普工业,2020-09-19,2719.5648,1451.2854,28,25,1,1,11.0,7.0
非普工业,2020-09-20,2758.2168,1463.8104,30,25,1,1,11.0,7.0
非普工业,2020-09-21,4215.7812,1577.1078,33,25,1,1,7.0,7.0
非普工业,2020-09-22,4121.3826,1613.8734,32,24,1,1,7.0,7.0
非普工业,2020-09-23,4147.2882,1687.1658,31,24,1,1,7.0,7.0
非普工业,2020-09-24,3544.2798,1559.8536,30,24,1,1,7.0,3.0
非普工业,2020-09-25,3437.1828,1461.111,31,24,1,1,3.0,3.0
非普工业,2020-09-26,2818.7772,1522.6932,28,24,1,1,11.0,11.0
非普工业,2020-09-27,3065.1678,1409.559,28,23,1,1,7.0,7.0
非普工业,2020-09-28,3232.9104,1341.2988,30,25,1,1,7.0,7.0
非普工业,2020-09-29,3581.1414,1432.1094,29,24,1,1,7.0,7.0
非普工业,2020-09-30,3526.869,1548.3666,30,23,1,1,11.0,7.0
非普工业,2020-10-01,2150.8506,1300.6836,28,24,1,1,7.0,3.0
非普工业,2020-10-02,2395.8924,1346.6652,31,23,1,1,7.0,3.0
非普工业,2020-10-03,2449.239,1428.4512,31,23,1,1,3.0,3.0
非普工业,2020-10-04,2449.8288,1451.808,33,22,1,1,7.0,8.0
非普工业,2020-10-05,2503.2498,1441.7022,28,21,5,5,5.0,5.0
非普工业,2020-10-06,2276.2512,1308.0138,29,21,1,1,3.0,3.0
非普工业,2020-10-07,2029.2318,1207.4724,29,21,1,1,3.0,3.0
非普工业,2020-10-08,2078.7636,1186.788,27,20,5,5,3.0,3.0
非普工业,2020-10-09,2651.1036,1179.9726,27,20,1,1,3.0,3.0
非普工业,2020-10-10,2818.6890000000008,1200.5466,28,21,1,1,3.0,3.0
非普工业,2020-10-11,2332.233,1220.3946,29,21,1,1,3.0,3.0
非普工业,2020-10-12,3145.9356,1316.2944,28,21,1,1,3.0,3.0
非普工业,2020-10-13,3166.6584,1375.1688,26,22,1,1,8.0,8.0
非普工业,2020-10-14,3075.3540000000007,1383.7679999999998,24,22,1,1,8.0,8.0
非普工业,2020-10-15,3382.9068,1388.4564,29,22,1,1,5.0,3.0
非普工业,2020-10-16,3304.1022,1331.2974,30,20,5,5,3.0,3.0
非普工业,2020-10-17,2072.1366,1270.4202,29,22,1,1,3.0,3.0
非普工业,2020-10-18,1970.568,1080.162,28,21,1,1,3.0,3.0
非普工业,2020-10-19,2466.7614,1148.0682,26,20,5,5,3.0,3.0
非普工业,2020-10-20,2602.9524,1137.1806,26,19,1,1,3.0,3.0
非普工业,2020-10-21,2491.659,1154.4204,27,19,5,5,3.0,5.0
非普工业,2020-10-22,2398.29,1109.9952,25,19,5,5,3.0,3.0
非普工业,2020-10-23,2505.1986,1185.1482,26,17,5,5,3.0,5.0
非普工业,2020-10-24,1999.2768,1190.0844,24,20,1,1,5.0,3.0
非普工业,2020-10-25,1994.469,1074.465,27,20,1,1,5.0,5.0
非普工业,2020-10-26,2794.8348,1172.6898,29,21,1,1,3.0,3.0
非普工业,2020-10-27,2939.0592,1214.9514,30,21,1,1,0.0,3.0
非普工业,2020-10-28,2970.1746,1261.0992,31,21,1,1,3.0,3.0
非普工业,2020-10-29,2890.3494,1282.0326,25,19,5,5,8.0,3.0
非普工业,2020-10-30,2798.7870000000007,1220.8494,27,20,1,1,3.0,3.0
非普工业,2020-10-31,2175.8718,1221.477,27,21,1,1,3.0,3.0
非普工业,2020-11-01,2159.4468,1222.635,29,20,1,1,3.0,3.0
非普工业,2020-11-02,2780.1978,1267.5648,27,19,5,5,5.0,3.0
非普工业,2020-11-03,2642.697,1082.5488,26,19,1,1,3.0,3.0
非普工业,2020-11-04,2766.885,1143.2244,27,19,1,1,3.0,3.0
非普工业,2020-11-05,2685.078,1169.586,28,18,1,1,3.0,3.0
非普工业,2020-11-06,2804.415,1225.2384,29,20,5,5,3.0,3.0
非普工业,2020-11-07,2152.8732,1245.0954,29,20,5,5,3.0,3.0
非普工业,2020-11-08,2130.81,1173.96,27,19,1,1,3.0,3.0
非普工业,2020-11-09,2582.9718,1233.8448,26,17,1,1,3.0,3.0
非普工业,2020-11-10,2578.9926,1219.1514,25,18,1,1,3.0,3.0
非普工业,2020-11-11,2565.9486,1154.0442,25,15,1,1,3.0,3.0
非普工业,2020-11-12,2435.502,1189.9932,27,17,5,5,0.0,3.0
非普工业,2020-11-13,2689.2108,1132.1412,27,18,5,5,3.0,5.0
非普工业,2020-11-14,2181.981,1189.8072,24,20,1,1,5.0,5.0
非普工业,2020-11-15,2074.401,1188.6648,25,19,1,1,3.0,3.0
非普工业,2020-11-16,2717.3694,1205.2884,28,19,1,1,3.0,3.0
非普工业,2020-11-17,2759.9076,1248.8616,29,21,1,1,3.0,5.0
非普工业,2020-11-18,2897.9946,1297.7748,28,22,1,1,3.0,5.0
非普工业,2020-11-19,3261.2292,1358.8614,28,23,1,1,3.0,3.0
非普工业,2020-11-20,3216.3828,10.638,30,23,1,1,3.0,3.0
非普工业,2020-11-21,2468.5374,21.564,27,22,1,1,5.0,3.0
非普工业,2020-11-22,2511.7116,1348.2479999999996,28,18,1,1,8.0,5.0
非普工业,2020-11-23,2811.438,1224.63,25,17,1,1,3.0,3.0
非普工业,2020-11-24,2752.8048,987.975,26,17,1,1,3.0,3.0
非普工业,2020-11-25,2744.1696,1188.6942,27,19,1,1,3.0,3.0
非普工业,2020-11-26,2826.318,1241.7924,27,16,5,5,3.0,3.0
非普工业,2020-11-27,2515.4718,1142.0052,23,15,1,1,3.0,3.0
非普工业,2020-11-28,1839.2214,1087.6656,22,14,1,1,3.0,0.0
非普工业,2020-11-29,1698.9162,951.5064,22,14,5,5,3.0,3.0
非普工业,2020-11-30,2212.5744,1066.0116,21,14,1,1,0.0,0.0
非普工业,2020-12-01,2274.7482,1091.0298,22,14,5,5,3.0,3.0
非普工业,2020-12-02,2257.434,1062.2388,23,12,1,1,3.0,0.0
非普工业,2020-12-03,2398.4886,1076.898,21,11,1,1,0.0,0.0
非普工业,2020-12-03,2398.4886,1076.898,21,11,1,1,0.0,0.0
非普工业,2020-12-04,2331.4422,1081.1244,17,10,1,1,3.0,3.0
非普工业,2020-12-05,1776.3054,981.0714,18,12,1,1,0.0,3.0
非普工业,2020-12-06,1715.3328,981.9876,21,14,1,1,3.0,3.0
非普工业,2020-12-07,2396.085,1058.0574,22,11,5,5,3.0,3.0
非普工业,2020-12-08,2350.4184,978.0132,21,14,1,1,3.0,3.0
非普工业,2020-12-09,2392.7634,1021.59,22,14,1,1,3.0,3.0
非普工业,2020-12-10,2384.424,1032.6468,20,15,1,1,3.0,5.0
非普工业,2020-12-11,2470.923,1044.5304,23,18,1,1,3.0,3.0
非普工业,2020-12-12,1852.6512,944.709,23,17,1,1,3.0,3.0
非普工业,2020-12-13,1815.117,1016.4258,20,14,1,1,8.0,8.0
非普工业,2020-12-14,2633.7462,1039.8576,16,9,1,1,8.0,8.0
非普工业,2020-12-15,2686.3128,1069.3044,13,8,5,5,3.0,5.0
非普工业,2020-12-16,2807.1174,1115.6514,14,10,1,1,3.0,3.0
非普工业,2020-12-17,2810.0526,1138.3194,14,8,1,1,3.0,3.0
非普工业,2020-12-18,2716.9698,1104.6192,13,10,5,5,3.0,3.0
非普工业,2020-12-19,1898.8776,1085.2446,14,8,5,5,3.0,3.0
非普工业,2020-12-20,1814.9946,1086.6318,15,9,5,5,3.0,5.0
非普工业,2020-12-21,2347.7478,1053.4686,17,10,1,1,3.0,3.0
非普工业,2020-12-22,2401.0662,1066.308,18,11,1,1,3.0,5.0
非普工业,2020-12-23,2539.9632,1013.7558,17,14,1,1,6.0,3.0
非普工业,2020-12-24,2300.4138,1024.2258,23,10,5,5,3.0,3.0
非普工业,2020-12-25,2367.108,1010.007,20,14,1,1,3.0,5.0
非普工业,2020-12-26,1841.352,1015.1808,20,16,1,1,3.0,3.0
非普工业,2020-12-27,1592.16,977.3118,24,17,1,1,3.0,3.0
非普工业,2020-12-28,2263.3224,1018.191,26,14,1,1,3.0,3.0
非普工业,2020-12-29,2340.6078,1044.8364,25,9,5,5,3.0,3.0
非普工业,2020-12-30,2330.6166,1045.4406,14,5,6,6,3.0,3.0
非普工业,2020-12-31,2390.1582,956.3622,13,3,1,1,3.0,0.0
非普工业,2021-01-01,1662.0870000000002,862.5696,14,7,1,1,3.0,0.0
非普工业,2021-01-02,1545.201,844.3968,17,7,1,1,0.0,0.0
非普工业,2021-01-03,1489.5324,861.2502,19,10,1,1,3.0,3.0
非普工业,2021-01-04,2565.585,976.0704,22,15,1,1,3.0,5.0
非普工业,2021-01-05,2316.3498,1055.3982,21,12,1,1,3.0,5.0
非普工业,2021-01-06,2330.3520000000008,1049.4306,19,10,5,5,3.0,3.0
非普工业,2021-01-07,2372.5884,1025.8548,15,4,5,5,5.0,5.0
非普工业,2021-01-08,2644.542,1139.8818,11,5,5,5,3.0,5.0
非普工业,2021-01-09,1777.6242,1158.5418,10,6,1,1,3.0,5.0
非普工业,2021-01-10,1766.3514,1150.0824,12,8,1,1,5.0,5.0
非普工业,2021-01-11,2575.737,562.9416,12,5,1,1,3.0,0.0
非普工业,2021-01-12,2446.3338,1028.7426,15,4,1,1,0.0,0.0
非普工业,2021-01-13,2356.9698,1159.5552,18,7,1,1,3.0,3.0
非普工业,2021-01-14,2430.576,1109.625,22,10,1,1,0.0,0.0
非普工业,2021-01-15,2273.3646,1103.0412,22,11,1,1,3.0,3.0
非普工业,2021-01-16,1697.6682,1057.9746,23,12,1,1,3.0,3.0
非普工业,2021-01-17,1690.8594,939.813,17,7,1,1,3.0,3.0
非普工业,2021-01-18,2379.0162,1155.3084,18,7,1,1,3.0,3.0
非普工业,2021-01-19,2246.5992,1109.0676,19,12,1,1,3.0,5.0
非普工业,2021-01-20,2156.2362,1054.9842,21,14,1,1,3.0,3.0
非普工业,2021-01-21,2195.8896,1010.4936,25,16,1,1,5.0,3.0
非普工业,2021-01-22,2511.6924,1068.0666,22,13,1,1,8.0,3.0
非普工业,2021-01-23,1519.9806,812.0676,25,13,1,1,4.0,4.0
非普工业,2021-01-24,1502.8758,1002.8286,26,15,1,1,3.0,3.0
非普工业,2021-01-25,1852.2408,1008.1842,23,14,1,1,3.0,3.0
非普工业,2021-01-27,1743.1806,1001.964,24,14,1,1,3.0,5.0
非普工业,2021-01-28,1831.8714,990.2586,20,10,5,5,0.0,0.0
非普工业,2021-01-29,1732.4232,905.3592,19,9,1,1,3.0,3.0
非普工业,2021-01-30,1362.1722,792.5484,22,12,1,1,3.0,3.0
非普工业,2021-01-31,1382.136,322.5294,24,13,1,1,3.0,3.0
非普工业,2021-02-01,1778.6334,797.0856,25,14,1,1,3.0,3.0
非普工业,2021-02-02,1835.0586,963.3258,27,15,1,1,3.0,3.0
非普工业,2021-02-03,1846.9542,958.7562,25,13,1,1,3.0,3.0
非普工业,2021-02-04,1847.4924,950.3376,27,13,1,1,0.0,0.0
非普工业,2021-02-05,1730.4132,917.2368,27,13,1,1,0.0,3.0
非普工业,2021-02-06,1367.7420000000004,786.1752,27,15,1,1,3.0,3.0
非普工业,2021-02-07,1710.0276,924.912,27,16,1,1,3.0,3.0
非普工业,2021-02-08,1772.1084,916.7898,26,15,1,1,3.0,5.0
非普工业,2021-02-09,1762.6434,934.2762,20,14,5,5,7.0,13.0
非普工业,2021-02-10,1588.8882,922.9164,17,12,1,1,11.0,3.0
非普工业,2021-02-11,1245.4260000000004,335.5752,21,11,1,1,3.0,0.0
非普工业,2021-02-12,1161.7542,363.5088,22,14,1,1,0.0,0.0
非普工业,2021-02-13,1146.6978,360.93,23,13,1,1,3.0,3.0
非普工业,2021-02-14,1158.3474,415.3686,25,14,1,1,3.0,3.0
非普工业,2021-02-15,1189.5906,476.9262,25,15,1,1,3.0,3.0
非普工业,2021-02-16,1269.4962,566.4696,25,15,1,1,3.0,3.0
非普工业,2021-02-17,1209.8898,402.3618,22,13,5,5,3.0,0.0
非普工业,2021-02-18,1626.0186,555.7716,22,11,1,1,0.0,0.0
非普工业,2021-02-19,1667.3748,752.6172,24,13,1,1,0.0,3.0
非普工业,2021-02-20,1621.7994,722.175,25,14,1,1,0.0,0.0
非普工业,2021-02-21,1435.1358,602.5632,28,15,1,1,3.0,3.0
非普工业,2021-02-22,1952.2752,939.2616,28,16,1,1,3.0,3.0
非普工业,2021-02-23,2098.776,927.8658,29,17,1,1,3.0,3.0
非普工业,2021-02-24,2135.736,1004.0694,28,19,1,1,3.0,3.0
非普工业,2021-02-25,2255.8218,219.27,26,18,1,1,8.0,8.0
非普工业,2021-02-26,2314.6824,844.7748,21,13,1,1,11.0,8.0
非普工业,2021-02-27,1508.1618,981.708,21,16,1,1,5.0,5.0
非普工业,2021-02-28,1504.9122,837.7139999999998,21,16,1,1,3.0,8.0
非普工业,2021-03-01,2286.7014,958.7394,24,13,5,5,8.0,8.0
非普工业,2021-03-02,2166.168,822.4848,20,15,5,5,3.0,5.0
非普工业,2021-03-03,2246.322,984.0498,23,17,1,1,5.0,5.0
非普工业,2021-03-04,2437.074,976.7802,22,18,1,1,11.0,8.0
非普工业,2021-03-05,2296.1784,997.5132,21,18,1,1,11.0,7.0
非普工业,2021-03-06,1831.2366,1073.5092,25,15,5,5,7.0,7.0
非普工业,2021-03-07,1545.9144,973.7898,20,15,1,1,3.0,3.0
非普工业,2021-03-08,2353.9242,1021.9236,21,13,1,1,6.0,6.0
非普工业,2021-03-09,2391.4608,1029.0738,23,17,1,1,5.0,5.0
非普工业,2021-03-10,2316.927,1005.7746,25,18,1,1,3.0,8.0
非普工业,2021-03-11,2265.447,1045.281,23,19,1,1,5.0,5.0
非普工业,2021-03-12,2437.6968,1096.701,26,20,1,1,6.0,5.0
非普工业,2021-03-13,1685.4516,888.8988,27,19,1,1,5.0,3.0
非普工业,2021-03-14,1671.4722,871.6518,27,19,1,1,5.0,5.0
非普工业,2021-03-15,2109.7788,841.9458,27,19,1,1,5.0,3.0
非普工业,2021-03-16,2302.0488,962.2254,28,19,1,1,3.0,3.0
非普工业,2021-03-17,2365.5438,968.1468,29,20,1,1,3.0,5.0
非普工业,2021-03-18,2459.799,1010.7702,28,21,1,1,3.0,3.0
非普工业,2021-03-19,2422.7808,1039.359,30,21,1,1,3.0,5.0
非普工业,2021-03-20,1809.1038,983.4186,30,18,5,5,3.0,5.0
非普工业,2021-03-21,1471.3668,879.0912,18,13,1,1,8.0,8.0
非普工业,2021-03-22,1857.5178,816.207,21,13,1,1,3.0,3.0
非普工业,2021-03-23,2081.9970000000008,816.711,21,16,1,1,8.0,8.0
非普工业,2021-03-24,1871.3442,832.3026,26,18,1,1,3.0,3.0
非普工业,2021-03-25,2055.6138,829.2654,27,16,1,1,3.0,3.0
非普工业,2021-03-26,2171.6094,869.715,28,19,1,1,3.0,3.0
非普工业,2021-03-27,1779.6552,927.4992,28,21,1,1,5.0,3.0
非普工业,2021-03-28,1848.3156,973.8762,30,22,1,1,3.0,3.0
非普工业,2021-03-29,2467.5138,1021.8654,32,23,1,1,3.0,3.0
非普工业,2021-03-30,2542.857,1095.4842,32,23,1,1,3.0,3.0
非普工业,2021-03-31,2548.0992,1116.0726,30,24,5,5,3.0,3.0
非普工业,2021-04-01,2570.8176,1112.2338,32,24,5,5,3.0,3.0
非普工业,2021-04-02,2666.0886,1116.4734,32,24,1,1,3.0,3.0
非普工业,2021-04-03,1975.1616,1082.8512,32,25,1,1,3.0,3.0
非普工业,2021-04-04,1596.4404,984.2502,29,20,5,5,3.0,3.0
非普工业,2021-04-05,1639.2984,906.0432,28,21,1,1,5.0,3.0
非普工业,2021-04-06,2356.5906,912.1062,30,22,1,1,5.0,3.0
非普工业,2021-04-07,2497.7826,1070.0532,28,20,1,1,8.0,11.0
非普工业,2021-04-08,2271.2754,989.4252,23,18,1,1,11.0,8.0
非普工业,2021-04-09,2112.4362,882.7596,22,19,1,1,5.0,5.0
非普工业,2021-04-10,1633.314,842.6862,25,19,1,1,5.0,3.0
非普工业,2021-04-11,1708.5366,935.667,28,19,1,1,5.0,3.0
非普工业,2021-04-12,2331.5394,953.607,29,21,1,1,5.0,3.0
非普工业,2021-04-13,2555.4912,1017.2202,30,22,1,1,3.0,3.0
非普工业,2021-04-14,2576.8866,1057.1376,31,23,1,1,3.0,7.0
非普工业,2021-04-15,2464.2414,1133.7366,27,21,1,1,15.0,11.0
非普工业,2021-04-16,2366.6382,720.4896,23,21,1,1,11.0,11.0
非普工业,2021-04-17,1637.3394,992.1078,24,20,1,1,7.0,5.0
非普工业,2021-04-18,1698.9552,6.192,24,19,1,1,8.0,8.0
非普工业,2021-04-19,2221.6122,989.7774,22,19,1,1,7.0,5.0
非普工业,2021-04-20,2328.3354,985.398,25,20,1,1,5.0,5.0
非普工业,2021-04-21,2418.0642,1045.74,28,21,1,1,5.0,3.0
非普工业,2021-04-22,2604.975,1025.4378,30,22,1,1,3.0,3.0
非普工业,2021-04-23,2713.9518,1113.0912,31,23,1,1,3.0,3.0
非普工业,2021-04-24,2205.4056,1095.6726,32,25,1,1,7.0,7.0
非普工业,2021-04-25,2688.5382,1129.8396,25,20,1,1,7.0,11.0
非普工业,2021-04-26,1526.9208,13.6008,26,21,1,1,7.0,7.0
非普工业,2021-04-27,2315.8344,5.688,25,21,1,1,11.0,13.0
非普工业,2021-04-28,2269.2474,14.88,23,19,1,1,11.0,8.0
非普工业,2021-04-29,2156.7414,120.396,27,18,1,1,3.0,3.0
非普工业,2021-04-30,2240.4114,208.3932,29,19,1,1,3.0,0.0
非普工业,2021-05-01,1841.1096,168.0432,31,23,1,1,3.0,3.0
非普工业,2021-05-02,1927.5204,114.75,30,22,1,1,8.0,7.0
非普工业,2021-05-03,1715.3646,12.0144,30,23,5,5,7.0,3.0
非普工业,2021-05-04,2034.234,1089.3066,30,21,1,1,8.0,8.0
非普工业,2021-05-05,2006.0784,1033.9356,28,21,1,1,5.0,5.0
非普工业,2021-05-06,2678.1240000000007,1100.9772,31,22,1,1,5.0,5.0
非普工业,2021-05-07,2919.3672,1132.4094,32,23,1,1,7.0,3.0
非普工业,2021-05-08,3130.7496,1210.0494,33,23,1,1,7.0,3.0
非普工业,2021-05-09,2245.911,1274.0718,34,24,1,1,7.0,7.0
非普工业,2021-05-10,3058.6986,1292.2812,32,24,1,1,5.0,3.0
非普工业,2021-05-11,3315.1194,1305.882,34,25,1,1,3.0,3.0
非普工业,2021-05-12,3345.3792,1337.2152,34,25,1,1,3.0,7.0
非普工业,2021-05-13,3488.1198,1209.2472,35,26,1,1,3.0,3.0
非普工业,2021-05-14,3319.473,1409.2098,35,26,1,1,7.0,3.0
非普工业,2021-05-15,2559.7296,1325.4378,34,27,1,1,3.0,3.0
非普工业,2021-05-16,2413.0224,1212.3702,35,26,5,5,7.0,7.0
非普工业,2021-05-17,3443.8524,1375.3932,33,25,1,1,13.0,7.0
非普工业,2021-05-18,3416.1438,1383.102,32,26,1,1,11.0,6.0
非普工业,2021-05-19,3399.3156,1109.6334,33,26,1,1,7.0,5.0
非普工业,2021-05-20,3404.5392,8.64,34,28,1,1,3.0,3.0
非普工业,2021-05-21,3507.4878,1134.2928,36,28,1,1,5.0,5.0
非普工业,2021-05-22,2649.8148,1351.7279999999996,36,28,1,1,3.0,3.0
非普工业,2021-05-23,2507.5206,1299.6036,35,27,1,1,3.0,7.0
非普工业,2021-05-24,3518.7726,1332.9684,33,26,1,1,7.0,7.0
非普工业,2021-05-25,3490.614,1190.6322,33,26,1,1,11.0,7.0
非普工业,2021-05-26,3499.8708,1334.055,35,26,1,1,3.0,3.0
非普工业,2021-05-27,3535.8042,617.5488,34,27,1,1,7.0,5.0
非普工业,2021-05-28,3546.6558,1041.5382,35,27,1,1,7.0,7.0
非普工业,2021-05-29,2677.4808,638.9964,35,27,1,1,7.0,3.0
非普工业,2021-05-30,2436.0774,1413.99,33,26,1,1,13.0,11.0
非普工业,2021-05-31,3533.0358,1464.6654,30,24,1,1,11.0,13.0
非普工业,2021-06-01,3147.8256,1343.1666,32,26,1,1,13.0,11.0
非普工业,2021-06-02,3058.7670000000007,1293.2976,31,26,1,1,13.0,7.0
非普工业,2021-06-03,3378.2148,841.7814,35,24,1,1,11.0,11.0
非普工业,2021-06-04,3056.7192,1286.4702,28,23,1,1,13.0,8.0
非普工业,2021-06-04,3056.7192,1286.4702,28,23,1,1,13.0,8.0
非普工业,2021-06-04,3056.7192,1286.4702,28,23,1,1,13.0,8.0
非普工业,2021-06-05,1987.8996,1184.1012,32,24,1,1,5.0,3.0
非普工业,2021-06-06,2208.2928,1216.8426,32,24,1,1,3.0,3.0
非普工业,2021-06-07,3264.9852,1355.6454,31,24,1,1,11.0,6.0
非普工业,2021-06-08,3381.0576,1444.7316,35,25,1,1,3.0,7.0
非普工业,2021-06-09,3487.275,1513.7418,34,25,1,1,7.0,7.0
非普工业,2021-06-10,3435.0714,1559.823,34,27,1,1,7.0,3.0
非普工业,2021-06-11,3384.3228,1071.0084,34,25,1,1,7.0,7.0
非普工业,2021-06-12,2450.01,1019.4798,31,24,1,1,11.0,11.0
非普工业,2021-06-13,2243.5698,1433.1084,32,27,5,5,11.0,7.0
非普工业,2021-06-14,2263.8084,1394.4642,31,25,1,1,7.0,3.0
非普工业,2021-06-15,3395.592,1443.2676,34,27,1,1,7.0,3.0
非普工业,2021-06-16,3459.171,1500.7812,34,27,1,1,7.0,3.0
非普工业,2021-06-17,3491.2494,1594.2252,34,27,1,1,3.0,3.0
非普工业,2021-06-18,3550.0074,1521.8712,35,26,1,1,3.0,3.0
非普工业,2021-06-19,2785.4286,1040.1696,36,28,1,1,3.0,3.0
非普工业,2021-06-20,2568.6594,1521.5004,35,28,1,1,3.0,3.0
非普工业,2021-06-21,3543.7806,1427.181,35,25,1,1,7.0,13.0
非普工业,2021-06-22,3060.4374,1373.448,30,25,1,1,11.0,13.0
非普工业,2021-06-23,3030.9912,1303.5066,30,25,1,1,11.0,7.0
非普工业,2021-06-24,3019.9254,1282.029,29,24,1,1,13.0,5.0
非普工业,2021-06-25,3125.5704,922.1736,32,26,1,1,7.0,7.0
非普工业,2021-06-26,2711.7996,1289.3568,35,25,1,1,7.0,3.0
非普工业,2021-06-27,2543.823,1217.2548,34,26,1,1,7.0,3.0
非普工业,2021-06-28,3525.5028,1076.1,32,26,1,1,8.0,7.0
非普工业,2021-06-29,3412.9752,1493.5368,33,26,1,1,11.0,7.0
非普工业,2021-06-30,3418.4358,1532.2632,33,27,1,1,7.0,7.0
非普工业,2021-07-01,3525.0846,1571.9358,35,28,1,1,3.0,3.0
非普工业,2021-07-02,3414.8832,1557.537,35,27,1,1,11.0,3.0
非普工业,2021-07-03,2684.3634,1100.6844,34,27,1,1,3.0,3.0
非普工业,2021-07-04,2384.652,1447.9386,35,27,1,1,3.0,3.0
非普工业,2021-07-05,3537.3678,1552.4106,35,28,1,1,3.0,0.0
非普工业,2021-07-06,3535.4718,1463.6604,34,26,1,1,7.0,7.0
非普工业,2021-07-07,3590.4654,1558.6386,33,27,1,1,7.0,7.0
非普工业,2021-07-08,3411.6798,1400.0742,34,27,1,1,3.0,3.0
非普工业,2021-07-09,3268.4466,1110.2556,36,28,1,1,3.0,3.0
非普工业,2021-07-10,2724.8706,1411.9092,36,28,1,1,3.0,3.0
非普工业,2021-07-11,2410.6266,1547.4792,36,27,1,1,3.0,3.0
非普工业,2021-07-12,3446.9322,1580.499,36,27,1,1,3.0,3.0
非普工业,2021-07-13,3211.0902,1501.5396,36,28,1,1,3.0,3.0
非普工业,2021-07-14,3287.1642,1429.5828,36,28,1,1,3.0,3.0
非普工业,2021-07-15,3362.649000000001,1511.5464,37,27,1,1,3.0,3.0
非普工业,2021-07-16,3299.5722,1077.3912,36,27,1,1,7.0,7.0
非普工业,2021-07-17,2573.7684,901.4544,34,27,1,1,7.0,7.0
非普工业,2021-07-18,2435.1534,1326.2322,34,26,1,1,7.0,7.0
非普工业,2021-07-19,3202.2234,1439.0916,31,26,1,1,11.0,8.0
非普工业,2021-07-20,2992.4058,1354.2444,30,25,1,1,13.0,7.0
非普工业,2021-07-21,3010.677,1408.9296,30,26,5,5,11.0,7.0
非普工业,2021-07-22,3093.2214,1454.0418,34,27,1,1,6.0,3.0
非普工业,2021-07-23,3136.7058,1120.1688,37,27,1,1,0.0,0.0
非普工业,2021-07-24,2698.9716,1480.6656,37,27,1,1,3.0,0.0
非普工业,2021-07-25,2470.0734,1454.5404,36,28,1,1,3.0,3.0
非普工业,2021-07-26,3437.8056,1468.9074,37,27,1,1,7.0,3.0
非普工业,2021-07-27,3403.74,1455.2022,37,28,1,1,3.0,3.0
非普工业,2021-07-28,3383.85,1478.418,37,28,1,1,7.0,7.0
非普工业,2021-07-29,3374.145,978.858,36,26,1,1,11.0,7.0
非普工业,2021-07-30,3174.804,1460.7936,34,26,1,1,11.0,7.0
非普工业,2021-07-31,2677.5498,869.7510000000002,35,26,1,1,11.0,7.0
非普工业,2021-08-01,2428.833,1429.0116,34,25,1,1,7.0,3.0
非普工业,2021-08-02,2982.0954,1265.0892,34,26,1,1,7.0,7.0
非普工业,2021-08-03,3133.0488,1371.3354,34,26,1,1,7.0,7.0
非普工业,2021-08-04,3082.2072,1400.9634,31,26,1,1,11.0,7.0
非普工业,2021-08-05,3003.123,1362.849,33,26,1,1,7.0,7.0
非普工业,2021-08-06,3070.5174,1424.0394,32,26,1,1,11.0,7.0
非普工业,2021-08-07,2526.8004,1394.8116,33,26,1,1,11.0,8.0
非普工业,2021-08-08,2343.5808,1354.5588,32,27,1,1,7.0,7.0
非普工业,2021-08-09,3124.701,1067.7954,35,26,1,1,7.0,7.0
非普工业,2021-08-10,2854.7076,1389.7608,30,26,1,1,7.0,7.0
非普工业,2021-08-11,2835.381,1391.8596,33,26,1,1,11.0,7.0
非普工业,2021-08-12,3092.5866,1405.3104,33,25,1,1,11.0,7.0
非普工业,2021-08-13,3010.4856,1406.8302,34,26,1,1,7.0,7.0
非普工业,2021-08-14,2475.9534,1499.4042,33,26,1,1,11.0,7.0
非普工业,2021-08-15,2210.9268,1283.7432,32,25,1,1,11.0,7.0
非普工业,2021-08-16,3037.3128,1388.7942,33,25,1,1,7.0,3.0
非普工业,2021-08-17,3135.3678,1421.9898,34,27,1,1,3.0,3.0
非普工业,2021-08-18,3217.6968,1319.9838,36,27,1,1,7.0,5.0
非普工业,2021-08-19,3173.2944,1290.7422,33,25,1,1,7.0,3.0
非普工业,2021-08-20,3208.2834,986.3232,35,26,1,1,3.0,3.0
非普工业,2021-08-21,2531.592,864.5856,36,27,1,1,0.0,0.0
非普工业,2021-08-22,2321.0214,1330.9254,36,27,1,1,3.0,3.0
非普工业,2021-08-23,3200.8014,1355.2584,36,27,1,1,3.0,3.0
非普工业,2021-08-24,3293.208,1379.5379999999998,36,27,1,1,3.0,3.0
非普工业,2021-08-25,3285.6264,1423.626,33,26,1,1,7.0,3.0
非普工业,2021-08-26,3387.783,1431.555,35,27,1,1,7.0,7.0
非普工业,2021-08-27,3207.7014,1416.9294,35,26,1,1,7.0,7.0
非普工业,2021-08-28,2418.1716,1291.5816,33,26,1,1,7.0,3.0
非普工业,2021-08-29,2486.0946,1420.2804,32,25,1,1,7.0,7.0
非普工业,2021-08-30,3316.1904,1434.9684,34,26,1,1,6.0,6.0
非普工业,2021-08-31,3223.692,1401.9822,32,26,1,1,7.0,6.0
