,日期1,总有功功率（kw）,最高温度,最低温度,白天风力风向,夜晚风力风向,天气1,天气2
0,2018/1/1 00:00:00,244033.7682,22,12,0,0,2,2
1,2018/1/1 00:00:00,244033.7682,22,12,0,0,2,2
2,2018/1/1 00:15:00,232720.6402,22,12,0,0,2,2
3,2018/1/1 00:15:00,232720.6402,22,12,0,0,2,2
4,2018/1/1 00:30:00,231685.6891,22,12,0,0,2,2
5,2018/1/1 00:30:00,231685.6891,22,12,0,0,2,2
6,2018/1/1 00:45:00,227581.3317,22,12,0,0,2,2
7,2018/1/1 00:45:00,227581.3317,22,12,0,0,2,2
8,2018/1/1 01:00:00,233482.4269,22,12,0,0,2,2
9,2018/1/1 01:00:00,233482.4269,22,12,0,0,2,2
10,2018/1/1 01:15:00,224464.7554,22,12,0,0,2,2
11,2018/1/1 01:15:00,224464.7554,22,12,0,0,2,2
12,2018/1/1 01:30:00,223881.3222,22,12,0,0,2,2
13,2018/1/1 01:30:00,223881.3222,22,12,0,0,2,2
14,2018/1/1 01:45:00,221522.7156,22,12,0,0,2,2
15,2018/1/1 01:45:00,221522.7156,22,12,0,0,2,2
16,2018/1/1 02:00:00,228138.5805,22,12,0,0,2,2
17,2018/1/1 02:00:00,228138.5805,22,12,0,0,2,2
18,2018/1/1 02:15:00,220047.4568,22,12,0,0,2,2
19,2018/1/1 02:15:00,220047.4568,22,12,0,0,2,2
20,2018/1/1 02:30:00,220573.6666,22,12,0,0,2,2
21,2018/1/1 02:30:00,220573.6666,22,12,0,0,2,2
22,2018/1/1 02:45:00,219896.75,22,12,0,0,2,2
23,2018/1/1 02:45:00,219896.75,22,12,0,0,2,2
24,2018/1/1 03:00:00,224121.3949,22,12,0,0,2,2
25,2018/1/1 03:00:00,224121.3949,22,12,0,0,2,2
26,2018/1/1 03:15:00,229556.1453,22,12,0,0,2,2
27,2018/1/1 03:15:00,229556.1453,22,12,0,0,2,2
28,2018/1/1 03:30:00,215950.7908,22,12,0,0,2,2
29,2018/1/1 03:30:00,215950.7908,22,12,0,0,2,2
30,2018/1/1 03:45:00,213963.2834,22,12,0,0,2,2
31,2018/1/1 03:45:00,213963.2834,22,12,0,0,2,2
32,2018/1/1 04:00:00,216487.5923,22,12,0,0,2,2
33,2018/1/1 04:00:00,216487.5923,22,12,0,0,2,2
34,2018/1/1 04:15:00,211537.1307,22,12,0,0,2,2
35,2018/1/1 04:15:00,211537.1307,22,12,0,0,2,2
36,2018/1/1 04:30:00,212033.174,22,12,0,0,2,2
37,2018/1/1 04:30:00,212033.174,22,12,0,0,2,2
38,2018/1/1 04:45:00,217465.0912,22,12,0,0,2,2
39,2018/1/1 04:45:00,217465.0912,22,12,0,0,2,2
40,2018/1/1 05:00:00,218271.4217,22,12,0,0,2,2
41,2018/1/1 05:00:00,218271.4217,22,12,0,0,2,2
42,2018/1/1 05:15:00,236180.4538,22,12,0,0,2,2
43,2018/1/1 05:15:00,236180.4538,22,12,0,0,2,2
44,2018/1/1 05:30:00,213510.2072,22,12,0,0,2,2
45,2018/1/1 05:30:00,213510.2072,22,12,0,0,2,2
46,2018/1/1 05:45:00,236967.7574,22,12,0,0,2,2
47,2018/1/1 05:45:00,236967.7574,22,12,0,0,2,2
48,2018/1/1 06:00:00,220152.7494,22,12,0,0,2,2
49,2018/1/1 06:00:00,220152.7494,22,12,0,0,2,2
50,2018/1/1 06:15:00,212271.5559,22,12,0,0,2,2
51,2018/1/1 06:15:00,212271.5559,22,12,0,0,2,2
52,2018/1/1 06:30:00,209972.7333,22,12,0,0,2,2
53,2018/1/1 06:30:00,209972.7333,22,12,0,0,2,2
54,2018/1/1 06:45:00,208697.8496,22,12,0,0,2,2
55,2018/1/1 06:45:00,208697.8496,22,12,0,0,2,2
56,2018/1/1 07:00:00,213808.6241,22,12,0,0,2,2
57,2018/1/1 07:00:00,213808.6241,22,12,0,0,2,2
58,2018/1/1 07:15:00,207072.372,22,12,0,0,2,2
59,2018/1/1 07:15:00,207072.372,22,12,0,0,2,2
60,2018/1/1 07:30:00,204480.9058,22,12,0,0,2,2
61,2018/1/1 07:30:00,204480.9058,22,12,0,0,2,2
62,2018/1/1 07:45:00,207616.6495,22,12,0,0,2,2
63,2018/1/1 07:45:00,207616.6495,22,12,0,0,2,2
64,2018/1/1 08:00:00,208614.265,22,12,0,0,2,2
65,2018/1/1 08:00:00,208614.265,22,12,0,0,2,2
66,2018/1/1 08:15:00,203793.5753,22,12,0,0,2,2
67,2018/1/1 08:15:00,203793.5753,22,12,0,0,2,2
68,2018/1/1 08:30:00,205267.6863,22,12,0,0,2,2
69,2018/1/1 08:30:00,205267.6863,22,12,0,0,2,2
70,2018/1/1 08:45:00,206870.7307,22,12,0,0,2,2
71,2018/1/1 08:45:00,206870.7307,22,12,0,0,2,2
72,2018/1/1 09:00:00,216101.242,22,12,0,0,2,2
73,2018/1/1 09:00:00,216101.242,22,12,0,0,2,2
74,2018/1/1 09:15:00,209963.5599,22,12,0,0,2,2
75,2018/1/1 09:15:00,209963.5599,22,12,0,0,2,2
76,2018/1/1 09:30:00,212765.8321,22,12,0,0,2,2
77,2018/1/1 09:30:00,212765.8321,22,12,0,0,2,2
78,2018/1/1 09:45:00,215195.996,22,12,0,0,2,2
79,2018/1/1 09:45:00,215195.996,22,12,0,0,2,2
80,2018/1/1 10:00:00,227239.6381,22,12,0,0,2,2
81,2018/1/1 10:00:00,227239.6381,22,12,0,0,2,2
82,2018/1/1 10:15:00,240495.9314,22,12,0,0,2,2
83,2018/1/1 10:15:00,240495.9314,22,12,0,0,2,2
84,2018/1/1 10:30:00,219962.6322,22,12,0,0,2,2
85,2018/1/1 10:30:00,219962.6322,22,12,0,0,2,2
86,2018/1/1 10:45:00,218330.6229,22,12,0,0,2,2
87,2018/1/1 10:45:00,218330.6229,22,12,0,0,2,2
88,2018/1/1 11:00:00,230392.4951,22,12,0,0,2,2
89,2018/1/1 11:00:00,230392.4951,22,12,0,0,2,2
90,2018/1/1 11:15:00,225234.5089,22,12,0,0,2,2
91,2018/1/1 11:15:00,225234.5089,22,12,0,0,2,2
92,2018/1/1 11:30:00,225847.5166,22,12,0,0,2,2
93,2018/1/1 11:30:00,225847.5166,22,12,0,0,2,2
94,2018/1/1 11:45:00,225491.5088,22,12,0,0,2,2
95,2018/1/1 11:45:00,225491.5088,22,12,0,0,2,2
96,2018/1/1 12:00:00,231639.127,22,12,0,0,2,2
97,2018/1/1 12:00:00,231639.127,22,12,0,0,2,2
98,2018/1/1 12:15:00,233883.7328,22,12,0,0,2,2
99,2018/1/1 12:15:00,233883.7328,22,12,0,0,2,2
100,2018/1/1 12:30:00,220691.8036,22,12,0,0,2,2
101,2018/1/1 12:30:00,220691.8036,22,12,0,0,2,2
102,2018/1/1 12:45:00,218910.5081,22,12,0,0,2,2
103,2018/1/1 12:45:00,218910.5081,22,12,0,0,2,2
104,2018/1/1 13:00:00,228360.1525,22,12,0,0,2,2
105,2018/1/1 13:00:00,228360.1525,22,12,0,0,2,2
106,2018/1/1 13:15:00,216727.3519,22,12,0,0,2,2
107,2018/1/1 13:15:00,216727.3519,22,12,0,0,2,2
108,2018/1/1 13:30:00,215198.5112,22,12,0,0,2,2
109,2018/1/1 13:30:00,215198.5112,22,12,0,0,2,2
110,2018/1/1 13:45:00,214954.0029,22,12,0,0,2,2
111,2018/1/1 13:45:00,214954.0029,22,12,0,0,2,2
112,2018/1/1 14:00:00,223432.7036,22,12,0,0,2,2
113,2018/1/1 14:00:00,223432.7036,22,12,0,0,2,2
114,2018/1/1 14:15:00,212948.1638,22,12,0,0,2,2
115,2018/1/1 14:15:00,212948.1638,22,12,0,0,2,2
116,2018/1/1 14:30:00,212299.8913,22,12,0,0,2,2
117,2018/1/1 14:30:00,212299.8913,22,12,0,0,2,2
118,2018/1/1 14:45:00,210927.116,22,12,0,0,2,2
119,2018/1/1 14:45:00,210927.116,22,12,0,0,2,2
120,2018/1/1 15:00:00,219303.6127,22,12,0,0,2,2
121,2018/1/1 15:00:00,219303.6127,22,12,0,0,2,2
122,2018/1/1 15:15:00,211065.1862,22,12,0,0,2,2
123,2018/1/1 15:15:00,211065.1862,22,12,0,0,2,2
124,2018/1/1 15:30:00,208218.2147,22,12,0,0,2,2
125,2018/1/1 15:30:00,208218.2147,22,12,0,0,2,2
126,2018/1/1 15:45:00,209392.1555,22,12,0,0,2,2
127,2018/1/1 15:45:00,209392.1555,22,12,0,0,2,2
128,2018/1/1 16:00:00,219496.8008,22,12,0,0,2,2
129,2018/1/1 16:00:00,219496.8008,22,12,0,0,2,2
130,2018/1/1 16:15:00,214732.0644,22,12,0,0,2,2
131,2018/1/1 16:15:00,214732.0644,22,12,0,0,2,2
132,2018/1/1 16:30:00,218917.1671,22,12,0,0,2,2
133,2018/1/1 16:30:00,218917.1671,22,12,0,0,2,2
134,2018/1/1 16:45:00,219759.1476,22,12,0,0,2,2
135,2018/1/1 16:45:00,219759.1476,22,12,0,0,2,2
136,2018/1/1 17:00:00,230398.681,22,12,0,0,2,2
137,2018/1/1 17:00:00,230398.681,22,12,0,0,2,2
138,2018/1/1 17:15:00,226652.9938,22,12,0,0,2,2
139,2018/1/1 17:15:00,226652.9938,22,12,0,0,2,2
140,2018/1/1 17:30:00,232022.5375,22,12,0,0,2,2
141,2018/1/1 17:30:00,232022.5375,22,12,0,0,2,2
142,2018/1/1 17:45:00,234560.2623,22,12,0,0,2,2
143,2018/1/1 17:45:00,234560.2623,22,12,0,0,2,2
144,2018/1/1 18:00:00,246983.9221,22,12,0,0,2,2
145,2018/1/1 18:00:00,246983.9221,22,12,0,0,2,2
146,2018/1/1 18:15:00,240788.3888,22,12,0,0,2,2
147,2018/1/1 18:15:00,240788.3888,22,12,0,0,2,2
148,2018/1/1 18:30:00,250922.229,22,12,0,0,2,2
149,2018/1/1 18:30:00,250922.229,22,12,0,0,2,2
150,2018/1/1 18:45:00,239955.6556,22,12,0,0,2,2
151,2018/1/1 18:45:00,239955.6556,22,12,0,0,2,2
152,2018/1/1 19:00:00,245685.2832,22,12,0,0,2,2
153,2018/1/1 19:00:00,245685.2832,22,12,0,0,2,2
154,2018/1/1 19:15:00,237613.0838,22,12,0,0,2,2
155,2018/1/1 19:15:00,237613.0838,22,12,0,0,2,2
156,2018/1/1 19:30:00,235609.7078,22,12,0,0,2,2
157,2018/1/1 19:30:00,235609.7078,22,12,0,0,2,2
158,2018/1/1 19:45:00,257733.9648,22,12,0,0,2,2
159,2018/1/1 19:45:00,257733.9648,22,12,0,0,2,2
160,2018/1/1 20:00:00,243098.5973,22,12,0,0,2,2
161,2018/1/1 20:00:00,243098.5973,22,12,0,0,2,2
162,2018/1/1 20:15:00,234799.065,22,12,0,0,2,2
163,2018/1/1 20:15:00,234799.065,22,12,0,0,2,2
164,2018/1/1 20:30:00,234718.8229,22,12,0,0,2,2
165,2018/1/1 20:30:00,234718.8229,22,12,0,0,2,2
166,2018/1/1 20:45:00,232592.4679,22,12,0,0,2,2
167,2018/1/1 20:45:00,232592.4679,22,12,0,0,2,2
168,2018/1/1 21:00:00,241985.9952,22,12,0,0,2,2
169,2018/1/1 21:00:00,241985.9952,22,12,0,0,2,2
170,2018/1/1 21:15:00,234320.5234,22,12,0,0,2,2
171,2018/1/1 21:15:00,234320.5234,22,12,0,0,2,2
172,2018/1/1 21:30:00,234535.8695,22,12,0,0,2,2
173,2018/1/1 21:30:00,234535.8695,22,12,0,0,2,2
174,2018/1/1 21:45:00,232184.9459,22,12,0,0,2,2
175,2018/1/1 21:45:00,232184.9459,22,12,0,0,2,2
176,2018/1/1 22:00:00,238362.0286,22,12,0,0,2,2
177,2018/1/1 22:00:00,238362.0286,22,12,0,0,2,2
178,2018/1/1 22:15:00,228433.3587,22,12,0,0,2,2
179,2018/1/1 22:15:00,228433.3587,22,12,0,0,2,2
180,2018/1/1 22:30:00,224915.6451,22,12,0,0,2,2
181,2018/1/1 22:30:00,224915.6451,22,12,0,0,2,2
182,2018/1/1 22:45:00,222615.9423,22,12,0,0,2,2
183,2018/1/1 22:45:00,222615.9423,22,12,0,0,2,2
184,2018/1/1 23:00:00,225228.9648,22,12,0,0,2,2
185,2018/1/1 23:00:00,225228.9648,22,12,0,0,2,2
186,2018/1/1 23:15:00,213662.3933,22,12,0,0,2,2
187,2018/1/1 23:15:00,213662.3933,22,12,0,0,2,2
188,2018/1/1 23:30:00,209709.2317,22,12,0,0,2,2
189,2018/1/1 23:30:00,209709.2317,22,12,0,0,2,2
190,2018/1/1 23:45:00,205839.6378,22,12,0,0,2,2
191,2018/1/1 23:45:00,205839.6378,22,12,0,0,2,2
192,2018/1/2 00:00:00,207655.199,22,15,0,0,2,2
193,2018/1/2 00:15:00,200673.8192,22,15,0,0,2,2
194,2018/1/2 00:30:00,199179.7267,22,15,0,0,2,2
195,2018/1/2 00:45:00,199204.4665,22,15,0,0,2,2
196,2018/1/2 01:00:00,213530.4627,22,15,0,0,2,2
197,2018/1/2 01:15:00,192532.5988,22,15,0,0,2,2
198,2018/1/2 01:30:00,188883.3155,22,15,0,0,2,2
199,2018/1/2 01:45:00,188022.8548,22,15,0,0,2,2
200,2018/1/2 02:00:00,194513.1024,22,15,0,0,2,2
201,2018/1/2 02:15:00,187211.6824,22,15,0,0,2,2
202,2018/1/2 02:30:00,186676.0267,22,15,0,0,2,2
203,2018/1/2 02:45:00,183970.1142,22,15,0,0,2,2
204,2018/1/2 03:00:00,192147.2175,22,15,0,0,2,2
205,2018/1/2 03:15:00,187208.2493,22,15,0,0,2,2
206,2018/1/2 03:30:00,183574.6476,22,15,0,0,2,2
207,2018/1/2 03:45:00,184074.5309,22,15,0,0,2,2
208,2018/1/2 04:00:00,190485.6254,22,15,0,0,2,2
209,2018/1/2 04:15:00,183505.2648,22,15,0,0,2,2
210,2018/1/2 04:30:00,185665.694,22,15,0,0,2,2
211,2018/1/2 04:45:00,184974.7125,22,15,0,0,2,2
212,2018/1/2 05:00:00,188852.4406,22,15,0,0,2,2
213,2018/1/2 05:15:00,187311.9731,22,15,0,0,2,2
214,2018/1/2 05:30:00,186612.9856,22,15,0,0,2,2
215,2018/1/2 05:45:00,190574.9614,22,15,0,0,2,2
216,2018/1/2 06:00:00,194149.9364,22,15,0,0,2,2
217,2018/1/2 06:15:00,196577.7408,22,15,0,0,2,2
218,2018/1/2 06:30:00,201184.69600000005,22,15,0,0,2,2
219,2018/1/2 06:45:00,208574.5144,22,15,0,0,2,2
220,2018/1/2 07:00:00,221698.3704,22,15,0,0,2,2
221,2018/1/2 07:15:00,219836.7216,22,15,0,0,2,2
222,2018/1/2 07:30:00,222402.2718,22,15,0,0,2,2
223,2018/1/2 07:45:00,226924.9301,22,15,0,0,2,2
224,2018/1/2 08:00:00,243047.2818,22,15,0,0,2,2
225,2018/1/2 08:15:00,243978.8109,22,15,0,0,2,2
226,2018/1/2 08:30:00,251214.9982,22,15,0,0,2,2
227,2018/1/2 08:45:00,254332.2122,22,15,0,0,2,2
228,2018/1/2 09:00:00,265697.1408,22,15,0,0,2,2
229,2018/1/2 09:15:00,257857.5986,22,15,0,0,2,2
230,2018/1/2 09:30:00,261652.975,22,15,0,0,2,2
231,2018/1/2 09:45:00,264042.7566,22,15,0,0,2,2
232,2018/1/2 10:00:00,275416.1493,22,15,0,0,2,2
233,2018/1/2 10:15:00,279406.5733,22,15,0,0,2,2
234,2018/1/2 10:30:00,268318.4772,22,15,0,0,2,2
235,2018/1/2 10:45:00,270938.5855,22,15,0,0,2,2
236,2018/1/2 11:00:00,278541.018,22,15,0,0,2,2
237,2018/1/2 11:15:00,272918.355,22,15,0,0,2,2
238,2018/1/2 11:30:00,273990.4246,22,15,0,0,2,2
239,2018/1/2 11:45:00,271617.693,22,15,0,0,2,2
240,2018/1/2 12:00:00,272469.7243,22,15,0,0,2,2
241,2018/1/2 12:15:00,260771.7485,22,15,0,0,2,2
242,2018/1/2 12:30:00,258852.8711,22,15,0,0,2,2
243,2018/1/2 12:45:00,258166.5919,22,15,0,0,2,2
244,2018/1/2 13:00:00,267246.677,22,15,0,0,2,2
245,2018/1/2 13:15:00,259031.7941,22,15,0,0,2,2
246,2018/1/2 13:30:00,260376.3335,22,15,0,0,2,2
247,2018/1/2 13:45:00,262777.1416,22,15,0,0,2,2
248,2018/1/2 14:00:00,272442.7444,22,15,0,0,2,2
249,2018/1/2 14:15:00,276357.2855,22,15,0,0,2,2
250,2018/1/2 14:30:00,266618.843,22,15,0,0,2,2
251,2018/1/2 14:45:00,267120.548,22,15,0,0,2,2
252,2018/1/2 15:00:00,275829.331,22,15,0,0,2,2
253,2018/1/2 15:15:00,267677.7355,22,15,0,0,2,2
254,2018/1/2 15:30:00,266163.1547,22,15,0,0,2,2
255,2018/1/2 15:45:00,266942.5512,22,15,0,0,2,2
256,2018/1/2 16:00:00,276734.8392,22,15,0,0,2,2
257,2018/1/2 16:15:00,271111.4401,22,15,0,0,2,2
258,2018/1/2 16:30:00,271229.6933,22,15,0,0,2,2
259,2018/1/2 16:45:00,271317.3462,22,15,0,0,2,2
260,2018/1/2 17:00:00,282250.4791,22,15,0,0,2,2
261,2018/1/2 17:15:00,274802.6762,22,15,0,0,2,2
262,2018/1/2 17:30:00,274864.8965,22,15,0,0,2,2
263,2018/1/2 17:45:00,275039.764,22,15,0,0,2,2
264,2018/1/2 18:00:00,287011.762,22,15,0,0,2,2
265,2018/1/2 18:15:00,277391.8764,22,15,0,0,2,2
266,2018/1/2 18:30:00,278113.1702,22,15,0,0,2,2
267,2018/1/2 18:45:00,279531.661,22,15,0,0,2,2
268,2018/1/2 19:00:00,283484.1777,22,15,0,0,2,2
269,2018/1/2 19:15:00,273974.4673,22,15,0,0,2,2
270,2018/1/2 19:30:00,274232.8925,22,15,0,0,2,2
271,2018/1/2 19:45:00,272242.6075,22,15,0,0,2,2
272,2018/1/2 20:00:00,279454.8968,22,15,0,0,2,2
273,2018/1/2 20:15:00,269717.498,22,15,0,0,2,2
274,2018/1/2 20:30:00,288502.5947,22,15,0,0,2,2
275,2018/1/2 20:45:00,269372.8494,22,15,0,0,2,2
276,2018/1/2 21:00:00,277066.0986,22,15,0,0,2,2
277,2018/1/2 21:15:00,269143.2831,22,15,0,0,2,2
278,2018/1/2 21:30:00,269290.6416,22,15,0,0,2,2
279,2018/1/2 21:45:00,267889.5761,22,15,0,0,2,2
280,2018/1/2 22:00:00,271585.0201,22,15,0,0,2,2
281,2018/1/2 22:15:00,263482.9724,22,15,0,0,2,2
282,2018/1/2 22:30:00,260430.3031,22,15,0,0,2,2
283,2018/1/2 22:45:00,268515.536,22,15,0,0,2,2
284,2018/1/2 23:00:00,260295.6097,22,15,0,0,2,2
285,2018/1/2 23:15:00,270992.1341,22,15,0,0,2,2
286,2018/1/2 23:30:00,250472.5514,22,15,0,0,2,2
287,2018/1/2 23:45:00,244224.2,22,15,0,0,2,2
288,2018/1/3 00:00:00,248503.48100000003,23,15,0,0,2,3
289,2018/1/3 00:15:00,236440.6647,23,15,0,0,2,3
290,2018/1/3 00:30:00,233974.9909,23,15,0,0,2,3
291,2018/1/3 00:45:00,232474.0213,23,15,0,0,2,3
292,2018/1/3 01:00:00,235308.6404,23,15,0,0,2,3
293,2018/1/3 01:15:00,231016.0498,23,15,0,0,2,3
294,2018/1/3 01:30:00,230976.846,23,15,0,0,2,3
295,2018/1/3 01:45:00,226422.5222,23,15,0,0,2,3
296,2018/1/3 02:00:00,233703.3045,23,15,0,0,2,3
297,2018/1/3 02:15:00,227215.1967,23,15,0,0,2,3
298,2018/1/3 02:30:00,226643.4213,23,15,0,0,2,3
299,2018/1/3 02:45:00,222796.8435,23,15,0,0,2,3
300,2018/1/3 03:00:00,230989.9527,23,15,0,0,2,3
301,2018/1/3 03:15:00,224157.1294,23,15,0,0,2,3
302,2018/1/3 03:30:00,223000.2206,23,15,0,0,2,3
303,2018/1/3 03:45:00,221118.7454,23,15,0,0,2,3
304,2018/1/3 04:00:00,229261.9354,23,15,0,0,2,3
305,2018/1/3 04:15:00,220601.5301,23,15,0,0,2,3
306,2018/1/3 04:30:00,243930.0506,23,15,0,0,2,3
307,2018/1/3 04:45:00,223590.9431,23,15,0,0,2,3
308,2018/1/3 05:00:00,229203.7051,23,15,0,0,2,3
309,2018/1/3 05:15:00,224433.0269,23,15,0,0,2,3
310,2018/1/3 05:30:00,224597.0864,23,15,0,0,2,3
311,2018/1/3 05:45:00,223863.9404,23,15,0,0,2,3
312,2018/1/3 06:00:00,255001.5708,23,15,0,0,2,3
313,2018/1/3 06:15:00,229746.1471,23,15,0,0,2,3
314,2018/1/3 06:30:00,231448.7268,23,15,0,0,2,3
315,2018/1/3 06:45:00,236428.4191,23,15,0,0,2,3
316,2018/1/3 07:00:00,244772.4186,23,15,0,0,2,3
317,2018/1/3 07:15:00,242487.6586,23,15,0,0,2,3
318,2018/1/3 07:30:00,247589.8449,23,15,0,0,2,3
319,2018/1/3 07:45:00,249011.91600000003,23,15,0,0,2,3
320,2018/1/3 08:00:00,252343.7944,23,15,0,0,2,3
321,2018/1/3 08:15:00,252536.6286,23,15,0,0,2,3
322,2018/1/3 08:30:00,258957.7553,23,15,0,0,2,3
323,2018/1/3 08:45:00,263260.3256,23,15,0,0,2,3
324,2018/1/3 09:00:00,271855.098,23,15,0,0,2,3
325,2018/1/3 09:15:00,266510.4446,23,15,0,0,2,3
326,2018/1/3 09:30:00,270730.8464,23,15,0,0,2,3
327,2018/1/3 09:45:00,273699.8698,23,15,0,0,2,3
328,2018/1/3 10:00:00,283563.1514,23,15,0,0,2,3
329,2018/1/3 10:15:00,276117.4985,23,15,0,0,2,3
330,2018/1/3 10:30:00,276965.0823,23,15,0,0,2,3
331,2018/1/3 10:45:00,276390.4756,23,15,0,0,2,3
332,2018/1/3 11:00:00,285706.5335,23,15,0,0,2,3
333,2018/1/3 11:15:00,281081.7373,23,15,0,0,2,3
334,2018/1/3 11:30:00,279780.5659,23,15,0,0,2,3
335,2018/1/3 11:45:00,275217.9222,23,15,0,0,2,3
336,2018/1/3 12:00:00,278808.0324,23,15,0,0,2,3
337,2018/1/3 12:15:00,264450.5461,23,15,0,0,2,3
338,2018/1/3 12:30:00,264164.1969,23,15,0,0,2,3
339,2018/1/3 12:45:00,261925.8211,23,15,0,0,2,3
340,2018/1/3 13:00:00,270996.8535,23,15,0,0,2,3
341,2018/1/3 13:15:00,264284.1728,23,15,0,0,2,3
342,2018/1/3 13:30:00,267361.4337,23,15,0,0,2,3
343,2018/1/3 13:45:00,269197.7954,23,15,0,0,2,3
344,2018/1/3 14:00:00,278255.6279,23,15,0,0,2,3
345,2018/1/3 14:15:00,270579.4558,23,15,0,0,2,3
346,2018/1/3 14:30:00,271599.9793,23,15,0,0,2,3
347,2018/1/3 14:45:00,272383.9139,23,15,0,0,2,3
348,2018/1/3 15:00:00,279006.927,23,15,0,0,2,3
349,2018/1/3 15:15:00,272034.6634,23,15,0,0,2,3
350,2018/1/3 15:30:00,272780.2601,23,15,0,0,2,3
351,2018/1/3 15:45:00,273963.9585,23,15,0,0,2,3
352,2018/1/3 16:00:00,292876.4516,23,15,0,0,2,3
353,2018/1/3 16:15:00,275251.6639,23,15,0,0,2,3
354,2018/1/3 16:30:00,276334.3486,23,15,0,0,2,3
355,2018/1/3 16:45:00,279428.103,23,15,0,0,2,3
356,2018/1/3 17:00:00,288340.6935,23,15,0,0,2,3
357,2018/1/3 17:15:00,280613.3599,23,15,0,0,2,3
358,2018/1/3 17:30:00,298526.8262,23,15,0,0,2,3
359,2018/1/3 17:45:00,280599.2631,23,15,0,0,2,3
360,2018/1/3 18:00:00,299818.3703,23,15,0,0,2,3
361,2018/1/3 18:15:00,300698.5858,23,15,0,0,2,3
362,2018/1/3 18:30:00,282142.9144,23,15,0,0,2,3
363,2018/1/3 18:45:00,282137.2609,23,15,0,0,2,3
364,2018/1/3 19:00:00,288144.9605,23,15,0,0,2,3
365,2018/1/3 19:15:00,279123.3055,23,15,0,0,2,3
366,2018/1/3 19:30:00,276821.8592,23,15,0,0,2,3
367,2018/1/3 19:45:00,275063.9618,23,15,0,0,2,3
368,2018/1/3 20:00:00,281878.2763,23,15,0,0,2,3
369,2018/1/3 20:15:00,274180.4248,23,15,0,0,2,3
370,2018/1/3 20:30:00,274580.8224,23,15,0,0,2,3
371,2018/1/3 20:45:00,275710.1706,23,15,0,0,2,3
372,2018/1/3 21:00:00,282712.0616,23,15,0,0,2,3
373,2018/1/3 21:15:00,275035.2621,23,15,0,0,2,3
374,2018/1/3 21:30:00,274789.8773,23,15,0,0,2,3
375,2018/1/3 21:45:00,274039.4817,23,15,0,0,2,3
376,2018/1/3 22:00:00,280565.2247,23,15,0,0,2,3
377,2018/1/3 22:15:00,289556.1424,23,15,0,0,2,3
378,2018/1/3 22:30:00,266657.4444,23,15,0,0,2,3
379,2018/1/3 22:45:00,264818.1174,23,15,0,0,2,3
380,2018/1/3 23:00:00,268641.5741,23,15,0,0,2,3
381,2018/1/3 23:15:00,255383.4266,23,15,0,0,2,3
382,2018/1/3 23:30:00,253372.3768,23,15,0,0,2,3
383,2018/1/3 23:45:00,247607.8786,23,15,0,0,2,3
384,2018/1/4 00:00:00,253310.1506,21,16,0,0,2,4
385,2018/1/4 00:15:00,244545.2255,21,16,0,0,2,4
386,2018/1/4 00:30:00,239774.334,21,16,0,0,2,4
387,2018/1/4 00:45:00,242000.7265,21,16,0,0,2,4
388,2018/1/4 01:00:00,245132.8146,21,16,0,0,2,4
389,2018/1/4 01:15:00,236083.3085,21,16,0,0,2,4
390,2018/1/4 01:30:00,236025.2417,21,16,0,0,2,4
391,2018/1/4 01:45:00,233812.6096,21,16,0,0,2,4
392,2018/1/4 02:00:00,242392.4277,21,16,0,0,2,4
393,2018/1/4 02:15:00,229510.9984,21,16,0,0,2,4
394,2018/1/4 02:30:00,238799.9128,21,16,0,0,2,4
395,2018/1/4 02:45:00,231004.3951,21,16,0,0,2,4
396,2018/1/4 03:00:00,239475.4043,21,16,0,0,2,4
397,2018/1/4 03:15:00,228462.6732,21,16,0,0,2,4
398,2018/1/4 03:30:00,227334.3705,21,16,0,0,2,4
399,2018/1/4 03:45:00,239756.0998,21,16,0,0,2,4
400,2018/1/4 04:00:00,235561.4881,21,16,0,0,2,4
401,2018/1/4 04:15:00,228340.8019,21,16,0,0,2,4
402,2018/1/4 04:30:00,228820.4079,21,16,0,0,2,4
403,2018/1/4 04:45:00,224981.5866,21,16,0,0,2,4
404,2018/1/4 05:00:00,235304.8001,21,16,0,0,2,4
405,2018/1/4 05:15:00,228553.3428,21,16,0,0,2,4
406,2018/1/4 05:30:00,229301.5389,21,16,0,0,2,4
407,2018/1/4 05:45:00,231707.3567,21,16,0,0,2,4
408,2018/1/4 06:00:00,238948.7896,21,16,0,0,2,4
409,2018/1/4 06:15:00,235472.8185,21,16,0,0,2,4
410,2018/1/4 06:30:00,234609.8733,21,16,0,0,2,4
411,2018/1/4 06:45:00,242488.8644,21,16,0,0,2,4
412,2018/1/4 07:00:00,251308.6685,21,16,0,0,2,4
413,2018/1/4 07:15:00,247162.9363,21,16,0,0,2,4
414,2018/1/4 07:30:00,247928.6043,21,16,0,0,2,4
415,2018/1/4 07:45:00,248116.5501,21,16,0,0,2,4
416,2018/1/4 08:00:00,268484.8857,21,16,0,0,2,4
417,2018/1/4 08:15:00,257311.5155,21,16,0,0,2,4
418,2018/1/4 08:30:00,261298.2307,21,16,0,0,2,4
419,2018/1/4 08:45:00,266214.7218,21,16,0,0,2,4
420,2018/1/4 09:00:00,276360.0949,21,16,0,0,2,4
421,2018/1/4 09:15:00,270034.7497,21,16,0,0,2,4
422,2018/1/4 09:30:00,273185.4815,21,16,0,0,2,4
423,2018/1/4 09:45:00,273011.4322,21,16,0,0,2,4
424,2018/1/4 10:00:00,285533.7587,21,16,0,0,2,4
425,2018/1/4 10:15:00,277969.4603,21,16,0,0,2,4
426,2018/1/4 10:30:00,279456.6489,21,16,0,0,2,4
427,2018/1/4 10:45:00,280024.1294,21,16,0,0,2,4
428,2018/1/4 11:00:00,291444.0418,21,16,0,0,2,4
429,2018/1/4 11:15:00,283947.347,21,16,0,0,2,4
430,2018/1/4 11:30:00,282485.2824,21,16,0,0,2,4
431,2018/1/4 11:45:00,281098.2879,21,16,0,0,2,4
432,2018/1/4 12:00:00,280182.9825,21,16,0,0,2,4
433,2018/1/4 12:15:00,266050.9789,21,16,0,0,2,4
434,2018/1/4 12:30:00,265631.3019,21,16,0,0,2,4
435,2018/1/4 12:45:00,265436.6408,21,16,0,0,2,4
436,2018/1/4 13:00:00,273533.9181,21,16,0,0,2,4
437,2018/1/4 13:15:00,272147.531,21,16,0,0,2,4
438,2018/1/4 13:30:00,267863.4689,21,16,0,0,2,4
439,2018/1/4 13:45:00,271037.0662,21,16,0,0,2,4
440,2018/1/4 14:00:00,281692.5763,21,16,0,0,2,4
441,2018/1/4 14:15:00,275115.117,21,16,0,0,2,4
442,2018/1/4 14:30:00,275303.2213,21,16,0,0,2,4
443,2018/1/4 14:45:00,293806.5077,21,16,0,0,2,4
444,2018/1/4 15:00:00,287073.1371,21,16,0,0,2,4
445,2018/1/4 15:15:00,276465.0344,21,16,0,0,2,4
446,2018/1/4 15:30:00,275106.7903,21,16,0,0,2,4
447,2018/1/4 15:45:00,293131.69800000003,21,16,0,0,2,4
448,2018/1/4 16:00:00,284726.5914,21,16,0,0,2,4
449,2018/1/4 16:15:00,276725.0293,21,16,0,0,2,4
450,2018/1/4 16:30:00,276992.7968,21,16,0,0,2,4
451,2018/1/4 16:45:00,279364.9901,21,16,0,0,2,4
452,2018/1/4 17:00:00,289444.8714,21,16,0,0,2,4
453,2018/1/4 17:15:00,282611.6372,21,16,0,0,2,4
454,2018/1/4 17:30:00,281910.9908,21,16,0,0,2,4
455,2018/1/4 17:45:00,280816.6551,21,16,0,0,2,4
456,2018/1/4 18:00:00,291155.8452,21,16,0,0,2,4
457,2018/1/4 18:15:00,283185.8317,21,16,0,0,2,4
458,2018/1/4 18:30:00,284158.8937,21,16,0,0,2,4
459,2018/1/4 18:45:00,283689.5209,21,16,0,0,2,4
460,2018/1/4 19:00:00,289274.7554,21,16,0,0,2,4
461,2018/1/4 19:15:00,281008.3317,21,16,0,0,2,4
462,2018/1/4 19:30:00,280545.1735,21,16,0,0,2,4
463,2018/1/4 19:45:00,278913.2692,21,16,0,0,2,4
464,2018/1/4 20:00:00,286503.4508,21,16,0,0,2,4
465,2018/1/4 20:15:00,274829.2612,21,16,0,0,2,4
466,2018/1/4 20:30:00,272756.9098,21,16,0,0,2,4
467,2018/1/4 20:45:00,273020.8718,21,16,0,0,2,4
468,2018/1/4 21:00:00,282388.1605,21,16,0,0,2,4
469,2018/1/4 21:15:00,273252.9303,21,16,0,0,2,4
470,2018/1/4 21:30:00,271083.3414,21,16,0,0,2,4
471,2018/1/4 21:45:00,269644.6551,21,16,0,0,2,4
472,2018/1/4 22:00:00,278659.112,21,16,0,0,2,4
473,2018/1/4 22:15:00,268758.0021,21,16,0,0,2,4
474,2018/1/4 22:30:00,264407.4489,21,16,0,0,2,4
475,2018/1/4 22:45:00,263243.3501,21,16,0,0,2,4
476,2018/1/4 23:00:00,266465.795,21,16,0,0,2,4
477,2018/1/4 23:15:00,255016.3169,21,16,0,0,2,4
478,2018/1/4 23:30:00,252476.5852,21,16,0,0,2,4
479,2018/1/4 23:45:00,246234.4829,21,16,0,0,2,4
480,2018/1/5 00:00:00,251749.1014,19,13,0,0,3,4
481,2018/1/5 00:15:00,243126.3908,19,13,0,0,3,4
482,2018/1/5 00:30:00,239751.1917,19,13,0,0,3,4
483,2018/1/5 00:45:00,238086.1316,19,13,0,0,3,4
484,2018/1/5 01:00:00,242231.9352,19,13,0,0,3,4
485,2018/1/5 01:15:00,234582.4407,19,13,0,0,3,4
486,2018/1/5 01:30:00,234513.2381,19,13,0,0,3,4
487,2018/1/5 01:45:00,231791.2725,19,13,0,0,3,4
488,2018/1/5 02:00:00,236081.0479,19,13,0,0,3,4
489,2018/1/5 02:15:00,227392.3428,19,13,0,0,3,4
490,2018/1/5 02:30:00,226414.7024,19,13,0,0,3,4
491,2018/1/5 02:45:00,228561.8568,19,13,0,0,3,4
492,2018/1/5 03:00:00,233422.862,19,13,0,0,3,4
493,2018/1/5 03:15:00,225006.1298,19,13,0,0,3,4
494,2018/1/5 03:30:00,227426.795,19,13,0,0,3,4
495,2018/1/5 03:45:00,237918.0987,19,13,0,0,3,4
496,2018/1/5 04:00:00,236802.5151,19,13,0,0,3,4
497,2018/1/5 04:15:00,224667.817,19,13,0,0,3,4
498,2018/1/5 04:30:00,227338.2393,19,13,0,0,3,4
499,2018/1/5 04:45:00,225906.1801,19,13,0,0,3,4
500,2018/1/5 05:00:00,235782.0276,19,13,0,0,3,4
501,2018/1/5 05:15:00,226701.0603,19,13,0,0,3,4
502,2018/1/5 05:30:00,230023.2492,19,13,0,0,3,4
503,2018/1/5 05:45:00,230366.4788,19,13,0,0,3,4
504,2018/1/5 06:00:00,238518.2314,19,13,0,0,3,4
505,2018/1/5 06:15:00,235727.8684,19,13,0,0,3,4
506,2018/1/5 06:30:00,234872.9537,19,13,0,0,3,4
507,2018/1/5 06:45:00,240354.3041,19,13,0,0,3,4
508,2018/1/5 07:00:00,248659.0297,19,13,0,0,3,4
509,2018/1/5 07:15:00,246415.3809,19,13,0,0,3,4
510,2018/1/5 07:30:00,248382.3203,19,13,0,0,3,4
511,2018/1/5 07:45:00,251233.6704,19,13,0,0,3,4
512,2018/1/5 08:00:00,260573.7502,19,13,0,0,3,4
513,2018/1/5 08:15:00,255766.2641,19,13,0,0,3,4
514,2018/1/5 08:30:00,271375.0965,19,13,0,0,3,4
515,2018/1/5 08:45:00,265721.9904,19,13,0,0,3,4
516,2018/1/5 09:00:00,275408.1184,19,13,0,0,3,4
517,2018/1/5 09:15:00,271514.0737,19,13,0,0,3,4
518,2018/1/5 09:30:00,274900.0792,19,13,0,0,3,4
519,2018/1/5 09:45:00,277367.961,19,13,0,0,3,4
520,2018/1/5 10:00:00,287203.581,19,13,0,0,3,4
521,2018/1/5 10:15:00,280730.8378,19,13,0,0,3,4
522,2018/1/5 10:30:00,280444.7058,19,13,0,0,3,4
523,2018/1/5 10:45:00,281613.6489,19,13,0,0,3,4
524,2018/1/5 11:00:00,293089.4101,19,13,0,0,3,4
525,2018/1/5 11:15:00,288311.9568,19,13,0,0,3,4
526,2018/1/5 11:30:00,285336.7947,19,13,0,0,3,4
527,2018/1/5 11:45:00,283257.4003,19,13,0,0,3,4
528,2018/1/5 12:00:00,281043.3446,19,13,0,0,3,4
529,2018/1/5 12:15:00,268813.819,19,13,0,0,3,4
530,2018/1/5 12:30:00,268209.8524,19,13,0,0,3,4
531,2018/1/5 12:45:00,265649.6697,19,13,0,0,3,4
532,2018/1/5 13:00:00,273876.362,19,13,0,0,3,4
533,2018/1/5 13:15:00,267545.0269,19,13,0,0,3,4
534,2018/1/5 13:30:00,268497.7476,19,13,0,0,3,4
535,2018/1/5 13:45:00,272014.0403,19,13,0,0,3,4
536,2018/1/5 14:00:00,282397.4771,19,13,0,0,3,4
537,2018/1/5 14:15:00,276006.1679,19,13,0,0,3,4
538,2018/1/5 14:30:00,275701.8254,19,13,0,0,3,4
539,2018/1/5 14:45:00,275887.9906,19,13,0,0,3,4
540,2018/1/5 15:00:00,284152.2877,19,13,0,0,3,4
541,2018/1/5 15:15:00,275462.2042,19,13,0,0,3,4
542,2018/1/5 15:30:00,278638.0107,19,13,0,0,3,4
543,2018/1/5 15:45:00,277609.0493,19,13,0,0,3,4
544,2018/1/5 16:00:00,287782.0437,19,13,0,0,3,4
545,2018/1/5 16:15:00,279675.9539,19,13,0,0,3,4
546,2018/1/5 16:30:00,280270.6875,19,13,0,0,3,4
547,2018/1/5 16:45:00,282486.93100000004,19,13,0,0,3,4
548,2018/1/5 17:00:00,290652.1484,19,13,0,0,3,4
549,2018/1/5 17:15:00,284853.2311,19,13,0,0,3,4
550,2018/1/5 17:30:00,283277.831,19,13,0,0,3,4
551,2018/1/5 17:45:00,283633.065,19,13,0,0,3,4
552,2018/1/5 18:00:00,292051.1899,19,13,0,0,3,4
553,2018/1/5 18:15:00,284337.956,19,13,0,0,3,4
554,2018/1/5 18:30:00,295075.2147,19,13,0,0,3,4
555,2018/1/5 18:45:00,286062.2746,19,13,0,0,3,4
556,2018/1/5 19:00:00,291722.4325,19,13,0,0,3,4
557,2018/1/5 19:15:00,283409.7435,19,13,0,0,3,4
558,2018/1/5 19:30:00,281560.124,19,13,0,0,3,4
559,2018/1/5 19:45:00,279961.475,19,13,0,0,3,4
560,2018/1/5 20:00:00,285320.0102,19,13,0,0,3,4
561,2018/1/5 20:15:00,276461.0708,19,13,0,0,3,4
562,2018/1/5 20:30:00,275979.3333,19,13,0,0,3,4
563,2018/1/5 20:45:00,277797.3765,19,13,0,0,3,4
564,2018/1/5 21:00:00,283803.1529,19,13,0,0,3,4
565,2018/1/5 21:15:00,293824.4247,19,13,0,0,3,4
566,2018/1/5 21:30:00,276483.8019,19,13,0,0,3,4
567,2018/1/5 21:45:00,281264.4793,19,13,0,0,3,4
568,2018/1/5 22:00:00,283348.332,19,13,0,0,3,4
569,2018/1/5 22:15:00,272798.8725,19,13,0,0,3,4
570,2018/1/5 22:30:00,271016.2719,19,13,0,0,3,4
571,2018/1/5 22:45:00,266879.9107,19,13,0,0,3,4
572,2018/1/5 23:00:00,271510.8157,19,13,0,0,3,4
573,2018/1/5 23:15:00,257809.0623,19,13,0,0,3,4
574,2018/1/5 23:30:00,253594.7963,19,13,0,0,3,4
575,2018/1/5 23:45:00,252019.444,19,13,0,0,3,4
576,2018/1/6 00:00:00,255362.1895,15,11,0,0,5,7
577,2018/1/6 00:15:00,244974.8497,15,11,0,0,5,7
578,2018/1/6 00:30:00,240962.5643,15,11,0,0,5,7
579,2018/1/6 00:45:00,243100.9016,15,11,0,0,5,7
580,2018/1/6 01:00:00,246232.1318,15,11,0,0,5,7
581,2018/1/6 01:15:00,237915.6561,15,11,0,0,5,7
582,2018/1/6 01:30:00,235443.60600000003,15,11,0,0,5,7
583,2018/1/6 01:45:00,240326.3695,15,11,0,0,5,7
584,2018/1/6 02:00:00,246023.9843,15,11,0,0,5,7
585,2018/1/6 02:15:00,233752.2732,15,11,0,0,5,7
586,2018/1/6 02:30:00,233381.3941,15,11,0,0,5,7
587,2018/1/6 02:45:00,227951.9262,15,11,0,0,5,7
588,2018/1/6 03:00:00,235321.6544,15,11,0,0,5,7
589,2018/1/6 03:15:00,227909.5409,15,11,0,0,5,7
590,2018/1/6 03:30:00,229997.9967,15,11,0,0,5,7
591,2018/1/6 03:45:00,229269.4129,15,11,0,0,5,7
592,2018/1/6 04:00:00,258912.8321,15,11,0,0,5,7
593,2018/1/6 04:15:00,226264.9467,15,11,0,0,5,7
594,2018/1/6 04:30:00,228530.4658,15,11,0,0,5,7
595,2018/1/6 04:45:00,252011.4078,15,11,0,0,5,7
596,2018/1/6 05:00:00,244263.5211,15,11,0,0,5,7
597,2018/1/6 05:15:00,227975.8516,15,11,0,0,5,7
598,2018/1/6 05:30:00,251284.0114,15,11,0,0,5,7
599,2018/1/6 05:45:00,228863.0398,15,11,0,0,5,7
600,2018/1/6 06:00:00,238372.933,15,11,0,0,5,7
601,2018/1/6 06:15:00,230675.0978,15,11,0,0,5,7
602,2018/1/6 06:30:00,232061.9993,15,11,0,0,5,7
603,2018/1/6 06:45:00,233857.3861,15,11,0,0,5,7
604,2018/1/6 07:00:00,243199.4658,15,11,0,0,5,7
605,2018/1/6 07:15:00,239860.2445,15,11,0,0,5,7
606,2018/1/6 07:30:00,241967.2625,15,11,0,0,5,7
607,2018/1/6 07:45:00,266000.1944,15,11,0,0,5,7
608,2018/1/6 08:00:00,257043.5193,15,11,0,0,5,7
609,2018/1/6 08:15:00,254700.0719,15,11,0,0,5,7
610,2018/1/6 08:30:00,258453.6683,15,11,0,0,5,7
611,2018/1/6 08:45:00,261447.5878,15,11,0,0,5,7
612,2018/1/6 09:00:00,271685.30600000004,15,11,0,0,5,7
613,2018/1/6 09:15:00,267303.427,15,11,0,0,5,7
614,2018/1/6 09:30:00,269920.8982,15,11,0,0,5,7
615,2018/1/6 09:45:00,272659.6871,15,11,0,0,5,7
616,2018/1/6 10:00:00,283334.1382,15,11,0,0,5,7
617,2018/1/6 10:15:00,276607.6875,15,11,0,0,5,7
618,2018/1/6 10:30:00,277529.5802,15,11,0,0,5,7
619,2018/1/6 10:45:00,276871.9768,15,11,0,0,5,7
620,2018/1/6 11:00:00,289511.8575,15,11,0,0,5,7
621,2018/1/6 11:15:00,282751.1927,15,11,0,0,5,7
622,2018/1/6 11:30:00,289455.9686,15,11,0,0,5,7
623,2018/1/6 11:45:00,278692.9771,15,11,0,0,5,7
624,2018/1/6 12:00:00,278668.7659,15,11,0,0,5,7
625,2018/1/6 12:15:00,264954.3788,15,11,0,0,5,7
626,2018/1/6 12:30:00,265181.3705,15,11,0,0,5,7
627,2018/1/6 12:45:00,262702.3447,15,11,0,0,5,7
628,2018/1/6 13:00:00,283791.4171,15,11,0,0,5,7
629,2018/1/6 13:15:00,268736.2054,15,11,0,0,5,7
630,2018/1/6 13:30:00,267800.0472,15,11,0,0,5,7
631,2018/1/6 13:45:00,271115.9405,15,11,0,0,5,7
632,2018/1/6 14:00:00,289475.2153,15,11,0,0,5,7
633,2018/1/6 14:15:00,291434.9735,15,11,0,0,5,7
634,2018/1/6 14:30:00,273653.7268,15,11,0,0,5,7
635,2018/1/6 14:45:00,273599.771,15,11,0,0,5,7
636,2018/1/6 15:00:00,290334.5869,15,11,0,0,5,7
637,2018/1/6 15:15:00,273998.4122,15,11,0,0,5,7
638,2018/1/6 15:30:00,274762.446,15,11,0,0,5,7
639,2018/1/6 15:45:00,274344.5996,15,11,0,0,5,7
640,2018/1/6 16:00:00,284181.6165,15,11,0,0,5,7
641,2018/1/6 16:15:00,278358.5408,15,11,0,0,5,7
642,2018/1/6 16:30:00,279790.3975,15,11,0,0,5,7
643,2018/1/6 16:45:00,290950.7824,15,11,0,0,5,7
644,2018/1/6 17:00:00,291465.15,15,11,0,0,5,7
645,2018/1/6 17:15:00,285748.1007,15,11,0,0,5,7
646,2018/1/6 17:30:00,286315.7613,15,11,0,0,5,7
647,2018/1/6 17:45:00,285220.4288,15,11,0,0,5,7
648,2018/1/6 18:00:00,291312.1696,15,11,0,0,5,7
649,2018/1/6 18:15:00,283015.2147,15,11,0,0,5,7
650,2018/1/6 18:30:00,281608.0955,15,11,0,0,5,7
651,2018/1/6 18:45:00,283012.4802,15,11,0,0,5,7
652,2018/1/6 19:00:00,284257.7175,15,11,0,0,5,7
653,2018/1/6 19:15:00,281596.12,15,11,0,0,5,7
654,2018/1/6 19:30:00,285776.2222,15,11,0,0,5,7
655,2018/1/6 19:45:00,280345.7694,15,11,0,0,5,7
656,2018/1/6 20:00:00,285096.5294,15,11,0,0,5,7
657,2018/1/6 20:15:00,277301.4997,15,11,0,0,5,7
658,2018/1/6 20:30:00,275597.2502,15,11,0,0,5,7
659,2018/1/6 20:45:00,276992.708,15,11,0,0,5,7
660,2018/1/6 21:00:00,282554.5406,15,11,0,0,5,7
661,2018/1/6 21:15:00,275371.8251,15,11,0,0,5,7
662,2018/1/6 21:30:00,275386.239,15,11,0,0,5,7
663,2018/1/6 21:45:00,273564.4306,15,11,0,0,5,7
664,2018/1/6 22:00:00,278096.0915,15,11,0,0,5,7
665,2018/1/6 22:15:00,269849.7569,15,11,0,0,5,7
666,2018/1/6 22:30:00,270012.8392,15,11,0,0,5,7
667,2018/1/6 22:45:00,267453.0209,15,11,0,0,5,7
668,2018/1/6 23:00:00,268944.4138,15,11,0,0,5,7
669,2018/1/6 23:15:00,257687.6237,15,11,0,0,5,7
670,2018/1/6 23:30:00,263822.332,15,11,0,0,5,7
671,2018/1/6 23:45:00,250588.9356,15,11,0,0,5,7
672,2018/1/7 00:00:00,249544.5677,15,7,0,2,8,6
673,2018/1/7 00:15:00,242572.6728,15,7,0,2,8,6
674,2018/1/7 00:30:00,241486.3601,15,7,0,2,8,6
675,2018/1/7 00:45:00,240241.5483,15,7,0,2,8,6
676,2018/1/7 01:00:00,239622.8164,15,7,0,2,8,6
677,2018/1/7 01:15:00,234671.4188,15,7,0,2,8,6
678,2018/1/7 01:30:00,245927.9266,15,7,0,2,8,6
679,2018/1/7 01:45:00,234968.0913,15,7,0,2,8,6
680,2018/1/7 02:00:00,232552.3805,15,7,0,2,8,6
681,2018/1/7 02:15:00,231727.0846,15,7,0,2,8,6
682,2018/1/7 02:30:00,242704.3607,15,7,0,2,8,6
683,2018/1/7 02:45:00,228442.996,15,7,0,2,8,6
684,2018/1/7 03:00:00,233772.6756,15,7,0,2,8,6
685,2018/1/7 03:15:00,228169.3707,15,7,0,2,8,6
686,2018/1/7 03:30:00,229010.4802,15,7,0,2,8,6
687,2018/1/7 03:45:00,228889.2425,15,7,0,2,8,6
688,2018/1/7 04:00:00,233003.34,15,7,0,2,8,6
689,2018/1/7 04:15:00,226614.3351,15,7,0,2,8,6
690,2018/1/7 04:30:00,227740.5543,15,7,0,2,8,6
691,2018/1/7 04:45:00,225117.7912,15,7,0,2,8,6
692,2018/1/7 05:00:00,232066.9815,15,7,0,2,8,6
693,2018/1/7 05:15:00,226771.8132,15,7,0,2,8,6
694,2018/1/7 05:30:00,224636.8547,15,7,0,2,8,6
695,2018/1/7 05:45:00,227397.4645,15,7,0,2,8,6
696,2018/1/7 06:00:00,234281.7714,15,7,0,2,8,6
697,2018/1/7 06:15:00,229006.9206,15,7,0,2,8,6
698,2018/1/7 06:30:00,230685.9811,15,7,0,2,8,6
699,2018/1/7 06:45:00,231974.2135,15,7,0,2,8,6
700,2018/1/7 07:00:00,238341.5231,15,7,0,2,8,6
701,2018/1/7 07:15:00,237542.7279,15,7,0,2,8,6
702,2018/1/7 07:30:00,236552.2387,15,7,0,2,8,6
703,2018/1/7 07:45:00,239432.5835,15,7,0,2,8,6
704,2018/1/7 08:00:00,248381.1514,15,7,0,2,8,6
705,2018/1/7 08:15:00,247767.9828,15,7,0,2,8,6
706,2018/1/7 08:30:00,253752.441,15,7,0,2,8,6
707,2018/1/7 08:45:00,255285.7164,15,7,0,2,8,6
708,2018/1/7 09:00:00,274712.6096,15,7,0,2,8,6
709,2018/1/7 09:15:00,259983.378,15,7,0,2,8,6
710,2018/1/7 09:30:00,263414.186,15,7,0,2,8,6
711,2018/1/7 09:45:00,265732.1891,15,7,0,2,8,6
712,2018/1/7 10:00:00,283065.9569,15,7,0,2,8,6
713,2018/1/7 10:15:00,270581.0979,15,7,0,2,8,6
714,2018/1/7 10:30:00,272533.1167,15,7,0,2,8,6
715,2018/1/7 10:45:00,274682.9025,15,7,0,2,8,6
716,2018/1/7 11:00:00,278770.5917,15,7,0,2,8,6
717,2018/1/7 11:15:00,276575.5225,15,7,0,2,8,6
718,2018/1/7 11:30:00,278023.7989,15,7,0,2,8,6
719,2018/1/7 11:45:00,274532.3761,15,7,0,2,8,6
720,2018/1/7 12:00:00,272781.6148,15,7,0,2,8,6
721,2018/1/7 12:15:00,262270.0233,15,7,0,2,8,6
722,2018/1/7 12:30:00,260663.2208,15,7,0,2,8,6
723,2018/1/7 12:45:00,266660.4273,15,7,0,2,8,6
724,2018/1/7 13:00:00,268714.8963,15,7,0,2,8,6
725,2018/1/7 13:15:00,263430.2696,15,7,0,2,8,6
726,2018/1/7 13:30:00,264570.7261,15,7,0,2,8,6
727,2018/1/7 13:45:00,267352.4339,15,7,0,2,8,6
728,2018/1/7 14:00:00,274958.1308,15,7,0,2,8,6
729,2018/1/7 14:15:00,268841.0954,15,7,0,2,8,6
730,2018/1/7 14:30:00,278438.5428,15,7,0,2,8,6
731,2018/1/7 14:45:00,269479.6619,15,7,0,2,8,6
732,2018/1/7 15:00:00,284989.7202,15,7,0,2,8,6
733,2018/1/7 15:15:00,268103.6743,15,7,0,2,8,6
734,2018/1/7 15:30:00,279651.3511,15,7,0,2,8,6
735,2018/1/7 15:45:00,270749.8715,15,7,0,2,8,6
736,2018/1/7 16:00:00,280299.5638,15,7,0,2,8,6
737,2018/1/7 16:15:00,274571.5888,15,7,0,2,8,6
738,2018/1/7 16:30:00,277228.3209,15,7,0,2,8,6
739,2018/1/7 16:45:00,278235.7531,15,7,0,2,8,6
740,2018/1/7 17:00:00,287180.3631,15,7,0,2,8,6
741,2018/1/7 17:15:00,283068.6342,15,7,0,2,8,6
742,2018/1/7 17:30:00,283401.6855,15,7,0,2,8,6
743,2018/1/7 17:45:00,285250.5157,15,7,0,2,8,6
744,2018/1/7 18:00:00,290530.8456,15,7,0,2,8,6
745,2018/1/7 18:15:00,283554.6829,15,7,0,2,8,6
746,2018/1/7 18:30:00,292661.2883,15,7,0,2,8,6
747,2018/1/7 18:45:00,283454.6666,15,7,0,2,8,6
748,2018/1/7 19:00:00,285741.9345,15,7,0,2,8,6
749,2018/1/7 19:15:00,279604.5693,15,7,0,2,8,6
750,2018/1/7 19:30:00,277783.7263,15,7,0,2,8,6
751,2018/1/7 19:45:00,276725.3098,15,7,0,2,8,6
752,2018/1/7 20:00:00,281049.3222,15,7,0,2,8,6
753,2018/1/7 20:15:00,273236.1806,15,7,0,2,8,6
754,2018/1/7 20:30:00,272632.1598,15,7,0,2,8,6
755,2018/1/7 20:45:00,272426.4064,15,7,0,2,8,6
756,2018/1/7 21:00:00,277159.2084,15,7,0,2,8,6
757,2018/1/7 21:15:00,272250.2685,15,7,0,2,8,6
758,2018/1/7 21:30:00,283083.0271,15,7,0,2,8,6
759,2018/1/7 21:45:00,291022.5582,15,7,0,2,8,6
760,2018/1/7 22:00:00,272584.5641,15,7,0,2,8,6
761,2018/1/7 22:15:00,268456.2142,15,7,0,2,8,6
762,2018/1/7 22:30:00,265217.6862,15,7,0,2,8,6
763,2018/1/7 22:45:00,263334.9038,15,7,0,2,8,6
764,2018/1/7 23:00:00,264109.939,15,7,0,2,8,6
765,2018/1/7 23:15:00,255063.5411,15,7,0,2,8,6
766,2018/1/7 23:30:00,270784.473,15,7,0,2,8,6
767,2018/1/7 23:45:00,248428.9748,15,7,0,2,8,6
768,2018/1/8 00:00:00,248147.546,12,5,2,1,6,5
769,2018/1/8 00:15:00,242406.3741,12,5,2,1,6,5
770,2018/1/8 00:30:00,239224.8151,12,5,2,1,6,5
771,2018/1/8 00:45:00,235996.0554,12,5,2,1,6,5
772,2018/1/8 01:00:00,243250.5807,12,5,2,1,6,5
773,2018/1/8 01:15:00,235587.7304,12,5,2,1,6,5
774,2018/1/8 01:30:00,237018.1453,12,5,2,1,6,5
775,2018/1/8 01:45:00,231281.6912,12,5,2,1,6,5
776,2018/1/8 02:00:00,227828.5298,12,5,2,1,6,5
777,2018/1/8 02:15:00,226550.7978,12,5,2,1,6,5
778,2018/1/8 02:30:00,227010.2328,12,5,2,1,6,5
779,2018/1/8 02:45:00,225819.5396,12,5,2,1,6,5
780,2018/1/8 03:00:00,231010.0384,12,5,2,1,6,5
781,2018/1/8 03:15:00,224138.4103,12,5,2,1,6,5
782,2018/1/8 03:30:00,224635.3331,12,5,2,1,6,5
783,2018/1/8 03:45:00,223903.5848,12,5,2,1,6,5
784,2018/1/8 04:00:00,227572.363,12,5,2,1,6,5
785,2018/1/8 04:15:00,225140.5127,12,5,2,1,6,5
786,2018/1/8 04:30:00,222288.2162,12,5,2,1,6,5
787,2018/1/8 04:45:00,223011.6213,12,5,2,1,6,5
788,2018/1/8 05:00:00,225747.1074,12,5,2,1,6,5
789,2018/1/8 05:15:00,223744.9796,12,5,2,1,6,5
790,2018/1/8 05:30:00,224440.8623,12,5,2,1,6,5
791,2018/1/8 05:45:00,224949.1144,12,5,2,1,6,5
792,2018/1/8 06:00:00,243767.3559,12,5,2,1,6,5
793,2018/1/8 06:15:00,228662.4873,12,5,2,1,6,5
794,2018/1/8 06:30:00,231706.8138,12,5,2,1,6,5
795,2018/1/8 06:45:00,234016.1012,12,5,2,1,6,5
796,2018/1/8 07:00:00,245514.9079,12,5,2,1,6,5
797,2018/1/8 07:15:00,240264.5055,12,5,2,1,6,5
798,2018/1/8 07:30:00,244129.6355,12,5,2,1,6,5
799,2018/1/8 07:45:00,267516.5894,12,5,2,1,6,5
800,2018/1/8 08:00:00,266467.5313,12,5,2,1,6,5
801,2018/1/8 08:15:00,258096.3601,12,5,2,1,6,5
802,2018/1/8 08:30:00,263260.7067,12,5,2,1,6,5
803,2018/1/8 08:45:00,266569.0108,12,5,2,1,6,5
804,2018/1/8 09:00:00,277889.7759,12,5,2,1,6,5
805,2018/1/8 09:15:00,272784.6174,12,5,2,1,6,5
806,2018/1/8 09:30:00,276653.9655,12,5,2,1,6,5
807,2018/1/8 09:45:00,288262.4218,12,5,2,1,6,5
808,2018/1/8 10:00:00,286171.2044,12,5,2,1,6,5
809,2018/1/8 10:15:00,282063.6268,12,5,2,1,6,5
810,2018/1/8 10:30:00,284054.8499,12,5,2,1,6,5
811,2018/1/8 10:45:00,283811.0929,12,5,2,1,6,5
812,2018/1/8 11:00:00,293529.8591,12,5,2,1,6,5
813,2018/1/8 11:15:00,287057.6646,12,5,2,1,6,5
814,2018/1/8 11:30:00,285247.1692,12,5,2,1,6,5
815,2018/1/8 11:45:00,283351.4515,12,5,2,1,6,5
816,2018/1/8 12:00:00,280975.5291,12,5,2,1,6,5
817,2018/1/8 12:15:00,269228.5544,12,5,2,1,6,5
818,2018/1/8 12:30:00,267193.5288,12,5,2,1,6,5
819,2018/1/8 12:45:00,268454.4259,12,5,2,1,6,5
820,2018/1/8 13:00:00,278099.5049,12,5,2,1,6,5
821,2018/1/8 13:15:00,290043.7083,12,5,2,1,6,5
822,2018/1/8 13:30:00,271853.838,12,5,2,1,6,5
823,2018/1/8 13:45:00,274388.0074,12,5,2,1,6,5
824,2018/1/8 14:00:00,280597.4369,12,5,2,1,6,5
825,2018/1/8 14:15:00,283376.8414,12,5,2,1,6,5
826,2018/1/8 14:30:00,277182.1551,12,5,2,1,6,5
827,2018/1/8 14:45:00,278671.7903,12,5,2,1,6,5
828,2018/1/8 15:00:00,278008.1805,12,5,2,1,6,5
829,2018/1/8 15:15:00,279321.188,12,5,2,1,6,5
830,2018/1/8 15:30:00,281469.3719,12,5,2,1,6,5
831,2018/1/8 15:45:00,282096.229,12,5,2,1,6,5
832,2018/1/8 16:00:00,288935.0536,12,5,2,1,6,5
833,2018/1/8 16:15:00,284275.0864,12,5,2,1,6,5
834,2018/1/8 16:30:00,286503.3918,12,5,2,1,6,5
835,2018/1/8 16:45:00,289002.438,12,5,2,1,6,5
836,2018/1/8 17:00:00,294716.1605,12,5,2,1,6,5
837,2018/1/8 17:15:00,292847.714,12,5,2,1,6,5
838,2018/1/8 17:30:00,292116.2675,12,5,2,1,6,5
839,2018/1/8 17:45:00,290753.4495,12,5,2,1,6,5
840,2018/1/8 18:00:00,298804.2575,12,5,2,1,6,5
841,2018/1/8 18:15:00,291463.1571,12,5,2,1,6,5
842,2018/1/8 18:30:00,292740.1092,12,5,2,1,6,5
843,2018/1/8 18:45:00,293457.8043,12,5,2,1,6,5
844,2018/1/8 19:00:00,299997.7041,12,5,2,1,6,5
845,2018/1/8 19:15:00,292212.5599,12,5,2,1,6,5
846,2018/1/8 19:30:00,291491.5194,12,5,2,1,6,5
847,2018/1/8 19:45:00,290251.5408,12,5,2,1,6,5
848,2018/1/8 20:00:00,294754.9061,12,5,2,1,6,5
849,2018/1/8 20:15:00,289429.6298,12,5,2,1,6,5
850,2018/1/8 20:30:00,288709.5504,12,5,2,1,6,5
851,2018/1/8 20:45:00,289465.01,12,5,2,1,6,5
852,2018/1/8 21:00:00,296286.6744,12,5,2,1,6,5
853,2018/1/8 21:15:00,287307.2433,12,5,2,1,6,5
854,2018/1/8 21:30:00,297133.1787,12,5,2,1,6,5
855,2018/1/8 21:45:00,285367.8935,12,5,2,1,6,5
856,2018/1/8 22:00:00,290823.4803,12,5,2,1,6,5
857,2018/1/8 22:15:00,280279.5177,12,5,2,1,6,5
858,2018/1/8 22:30:00,276439.1887,12,5,2,1,6,5
859,2018/1/8 22:45:00,271274.2296,12,5,2,1,6,5
860,2018/1/8 23:00:00,271983.3465,12,5,2,1,6,5
861,2018/1/8 23:15:00,263848.8335,12,5,2,1,6,5
862,2018/1/8 23:30:00,258641.3027,12,5,2,1,6,5
863,2018/1/8 23:45:00,254729.4816,12,5,2,1,6,5
864,2018/1/9 00:00:00,250011.1916,9,6,0,0,4,3
865,2018/1/9 00:15:00,250645.6451,9,6,0,0,4,3
866,2018/1/9 00:30:00,243792.4288,9,6,0,0,4,3
867,2018/1/9 00:45:00,242464.449,9,6,0,0,4,3
868,2018/1/9 01:00:00,248566.9284,9,6,0,0,4,3
869,2018/1/9 01:15:00,237910.2171,9,6,0,0,4,3
870,2018/1/9 01:30:00,239500.6144,9,6,0,0,4,3
871,2018/1/9 01:45:00,237241.2897,9,6,0,0,4,3
872,2018/1/9 02:00:00,241714.1344,9,6,0,0,4,3
873,2018/1/9 02:15:00,233702.6609,9,6,0,0,4,3
874,2018/1/9 02:30:00,232882.3868,9,6,0,0,4,3
875,2018/1/9 02:45:00,233478.4217,9,6,0,0,4,3
876,2018/1/9 03:00:00,231886.5834,9,6,0,0,4,3
877,2018/1/9 03:15:00,229244.4642,9,6,0,0,4,3
878,2018/1/9 03:30:00,229458.0962,9,6,0,0,4,3
879,2018/1/9 03:45:00,229738.4342,9,6,0,0,4,3
880,2018/1/9 04:00:00,235990.5014,9,6,0,0,4,3
881,2018/1/9 04:15:00,236308.388,9,6,0,0,4,3
882,2018/1/9 04:30:00,228762.1743,9,6,0,0,4,3
883,2018/1/9 04:45:00,228157.9979,9,6,0,0,4,3
884,2018/1/9 05:00:00,231540.4378,9,6,0,0,4,3
885,2018/1/9 05:15:00,226470.6193,9,6,0,0,4,3
886,2018/1/9 05:30:00,224629.2019,9,6,0,0,4,3
887,2018/1/9 05:45:00,243084.8481,9,6,0,0,4,3
888,2018/1/9 06:00:00,239563.7088,9,6,0,0,4,3
889,2018/1/9 06:15:00,235840.9648,9,6,0,0,4,3
890,2018/1/9 06:30:00,235091.9238,9,6,0,0,4,3
891,2018/1/9 06:45:00,239146.3255,9,6,0,0,4,3
892,2018/1/9 07:00:00,248185.303,9,6,0,0,4,3
893,2018/1/9 07:15:00,246311.1565,9,6,0,0,4,3
894,2018/1/9 07:30:00,248653.5111,9,6,0,0,4,3
895,2018/1/9 07:45:00,254642.8326,9,6,0,0,4,3
896,2018/1/9 08:00:00,262479.0108,9,6,0,0,4,3
897,2018/1/9 08:15:00,260526.63,9,6,0,0,4,3
898,2018/1/9 08:30:00,266834.9571,9,6,0,0,4,3
899,2018/1/9 08:45:00,290817.6118,9,6,0,0,4,3
900,2018/1/9 09:00:00,281472.2456,9,6,0,0,4,3
901,2018/1/9 09:15:00,278617.8609,9,6,0,0,4,3
902,2018/1/9 09:30:00,280669.0518,9,6,0,0,4,3
903,2018/1/9 09:45:00,282155.4791,9,6,0,0,4,3
904,2018/1/9 10:00:00,293714.005,9,6,0,0,4,3
905,2018/1/9 10:15:00,287785.5292,9,6,0,0,4,3
906,2018/1/9 10:30:00,288501.2211,9,6,0,0,4,3
907,2018/1/9 10:45:00,289105.3861,9,6,0,0,4,3
908,2018/1/9 11:00:00,298868.7264,9,6,0,0,4,3
909,2018/1/9 11:15:00,293425.6952,9,6,0,0,4,3
910,2018/1/9 11:30:00,291289.4367,9,6,0,0,4,3
911,2018/1/9 11:45:00,289787.9124,9,6,0,0,4,3
912,2018/1/9 12:00:00,289366.7126,9,6,0,0,4,3
913,2018/1/9 12:15:00,276105.01,9,6,0,0,4,3
914,2018/1/9 12:30:00,274069.1218,9,6,0,0,4,3
915,2018/1/9 12:45:00,275904.5562,9,6,0,0,4,3
916,2018/1/9 13:00:00,282248.197,9,6,0,0,4,3
917,2018/1/9 13:15:00,274156.9405,9,6,0,0,4,3
918,2018/1/9 13:30:00,275253.8047,9,6,0,0,4,3
919,2018/1/9 13:45:00,280696.1768,9,6,0,0,4,3
920,2018/1/9 14:00:00,289484.1113,9,6,0,0,4,3
921,2018/1/9 14:15:00,281809.7344,9,6,0,0,4,3
922,2018/1/9 14:30:00,282099.8452,9,6,0,0,4,3
923,2018/1/9 14:45:00,281185.7377,9,6,0,0,4,3
924,2018/1/9 15:00:00,290880.5859,9,6,0,0,4,3
925,2018/1/9 15:15:00,282110.2107,9,6,0,0,4,3
926,2018/1/9 15:30:00,282110.6335,9,6,0,0,4,3
927,2018/1/9 15:45:00,268189.0313,9,6,0,0,4,3
928,2018/1/9 16:00:00,286967.2082,9,6,0,0,4,3
929,2018/1/9 16:15:00,285292.9758,9,6,0,0,4,3
930,2018/1/9 16:30:00,288849.4903,9,6,0,0,4,3
931,2018/1/9 16:45:00,289778.6955,9,6,0,0,4,3
932,2018/1/9 17:00:00,300278.3339,9,6,0,0,4,3
933,2018/1/9 17:15:00,294108.7134,9,6,0,0,4,3
934,2018/1/9 17:30:00,292314.7762,9,6,0,0,4,3
935,2018/1/9 17:45:00,291605.4045,9,6,0,0,4,3
936,2018/1/9 18:00:00,299388.3226,9,6,0,0,4,3
937,2018/1/9 18:15:00,291990.2417,9,6,0,0,4,3
938,2018/1/9 18:30:00,292844.128,9,6,0,0,4,3
939,2018/1/9 18:45:00,295790.1304,9,6,0,0,4,3
940,2018/1/9 19:00:00,310392.7345,9,6,0,0,4,3
941,2018/1/9 19:15:00,298131.3176,9,6,0,0,4,3
942,2018/1/9 19:30:00,293067.6651,9,6,0,0,4,3
943,2018/1/9 19:45:00,291146.0254,9,6,0,0,4,3
944,2018/1/9 20:00:00,297075.3315,9,6,0,0,4,3
945,2018/1/9 20:15:00,290282.4729,9,6,0,0,4,3
946,2018/1/9 20:30:00,288874.8079,9,6,0,0,4,3
947,2018/1/9 20:45:00,288981.8765,9,6,0,0,4,3
948,2018/1/9 21:00:00,295763.5073,9,6,0,0,4,3
949,2018/1/9 21:15:00,288394.9969,9,6,0,0,4,3
950,2018/1/9 21:30:00,288008.0009,9,6,0,0,4,3
951,2018/1/9 21:45:00,285936.1702,9,6,0,0,4,3
952,2018/1/9 22:00:00,290842.7876,9,6,0,0,4,3
953,2018/1/9 22:15:00,281807.3109,9,6,0,0,4,3
954,2018/1/9 22:30:00,276504.4551,9,6,0,0,4,3
955,2018/1/9 22:45:00,283553.2294,9,6,0,0,4,3
956,2018/1/9 23:00:00,277591.687,9,6,0,0,4,3
957,2018/1/9 23:15:00,266261.3875,9,6,0,0,4,3
958,2018/1/9 23:30:00,260828.5168,9,6,0,0,4,3
959,2018/1/9 23:45:00,256720.2195,9,6,0,0,4,3
960,2018/1/10 00:00:00,259171.2066,14,7,0,0,2,2
961,2018/1/10 00:15:00,248134.5536,14,7,0,0,2,2
962,2018/1/10 00:30:00,246049.1836,14,7,0,0,2,2
963,2018/1/10 00:45:00,242978.3832,14,7,0,0,2,2
964,2018/1/10 01:00:00,255901.4934,14,7,0,0,2,2
965,2018/1/10 01:15:00,238522.0969,14,7,0,0,2,2
966,2018/1/10 01:30:00,236393.6978,14,7,0,0,2,2
967,2018/1/10 01:45:00,234104.4017,14,7,0,0,2,2
968,2018/1/10 02:00:00,236939.2662,14,7,0,0,2,2
969,2018/1/10 02:15:00,231651.4649,14,7,0,0,2,2
970,2018/1/10 02:30:00,234228.2554,14,7,0,0,2,2
971,2018/1/10 02:45:00,230081.6885,14,7,0,0,2,2
972,2018/1/10 03:00:00,233794.9489,14,7,0,0,2,2
973,2018/1/10 03:15:00,230354.2803,14,7,0,0,2,2
974,2018/1/10 03:30:00,232238.0734,14,7,0,0,2,2
975,2018/1/10 03:45:00,231966.8748,14,7,0,0,2,2
976,2018/1/10 04:00:00,231613.06,14,7,0,0,2,2
977,2018/1/10 04:15:00,228308.8327,14,7,0,0,2,2
978,2018/1/10 04:30:00,229934.5332,14,7,0,0,2,2
979,2018/1/10 04:45:00,230262.2676,14,7,0,0,2,2
980,2018/1/10 05:00:00,232731.3746,14,7,0,0,2,2
981,2018/1/10 05:15:00,229282.2937,14,7,0,0,2,2
982,2018/1/10 05:30:00,231951.5952,14,7,0,0,2,2
983,2018/1/10 05:45:00,238693.8124,14,7,0,0,2,2
984,2018/1/10 06:00:00,236517.3238,14,7,0,0,2,2
985,2018/1/10 06:15:00,237906.9976,14,7,0,0,2,2
986,2018/1/10 06:30:00,239510.6511,14,7,0,0,2,2
987,2018/1/10 06:45:00,242196.2197,14,7,0,0,2,2
988,2018/1/10 07:00:00,252789.4599,14,7,0,0,2,2
989,2018/1/10 07:15:00,248794.8564,14,7,0,0,2,2
990,2018/1/10 07:30:00,251488.2495,14,7,0,0,2,2
991,2018/1/10 07:45:00,253658.6252,14,7,0,0,2,2
992,2018/1/10 08:00:00,264675.2318,14,7,0,0,2,2
993,2018/1/10 08:15:00,261547.9918,14,7,0,0,2,2
994,2018/1/10 08:30:00,267346.0459,14,7,0,0,2,2
995,2018/1/10 08:45:00,271602.6444,14,7,0,0,2,2
996,2018/1/10 09:00:00,281881.441,14,7,0,0,2,2
997,2018/1/10 09:15:00,275136.552,14,7,0,0,2,2
998,2018/1/10 09:30:00,277551.095,14,7,0,0,2,2
999,2018/1/10 09:45:00,279766.1665,14,7,0,0,2,2
1000,2018/1/10 10:00:00,290309.809,14,7,0,0,2,2
1001,2018/1/10 10:15:00,281851.0783,14,7,0,0,2,2
1002,2018/1/10 10:30:00,282861.9413,14,7,0,0,2,2
1003,2018/1/10 10:45:00,282197.4488,14,7,0,0,2,2
1004,2018/1/10 11:00:00,292552.501,14,7,0,0,2,2
1005,2018/1/10 11:15:00,286814.954,14,7,0,0,2,2
1006,2018/1/10 11:30:00,284677.7108,14,7,0,0,2,2
1007,2018/1/10 11:45:00,282944.9372,14,7,0,0,2,2
1008,2018/1/10 12:00:00,303340.9683,14,7,0,0,2,2
1009,2018/1/10 12:15:00,269788.2879,14,7,0,0,2,2
1010,2018/1/10 12:30:00,270016.914,14,7,0,0,2,2
1011,2018/1/10 12:45:00,269368.8438,14,7,0,0,2,2
1012,2018/1/10 13:00:00,277029.4755,14,7,0,0,2,2
1013,2018/1/10 13:15:00,269764.1901,14,7,0,0,2,2
1014,2018/1/10 13:30:00,271125.9987,14,7,0,0,2,2
1015,2018/1/10 13:45:00,274374.2297,14,7,0,0,2,2
1016,2018/1/10 14:00:00,283955.7208,14,7,0,0,2,2
1017,2018/1/10 14:15:00,276918.1362,14,7,0,0,2,2
1018,2018/1/10 14:30:00,276472.4392,14,7,0,0,2,2
1019,2018/1/10 14:45:00,276590.7894,14,7,0,0,2,2
1020,2018/1/10 15:00:00,285870.0482,14,7,0,0,2,2
1021,2018/1/10 15:15:00,277409.1807,14,7,0,0,2,2
1022,2018/1/10 15:30:00,278236.3708,14,7,0,0,2,2
1023,2018/1/10 15:45:00,278244.6456,14,7,0,0,2,2
1024,2018/1/10 16:00:00,288469.6131,14,7,0,0,2,2
1025,2018/1/10 16:15:00,280998.7125,14,7,0,0,2,2
1026,2018/1/10 16:30:00,283791.2698,14,7,0,0,2,2
1027,2018/1/10 16:45:00,284218.7018,14,7,0,0,2,2
1028,2018/1/10 17:00:00,293634.2383,14,7,0,0,2,2
1029,2018/1/10 17:15:00,286103.1141,14,7,0,0,2,2
1030,2018/1/10 17:30:00,294361.9713,14,7,0,0,2,2
1031,2018/1/10 17:45:00,285599.1094,14,7,0,0,2,2
1032,2018/1/10 18:00:00,294842.29600000003,14,7,0,0,2,2
1033,2018/1/10 18:15:00,306818.7119,14,7,0,0,2,2
1034,2018/1/10 18:30:00,291317.1836,14,7,0,0,2,2
1035,2018/1/10 18:45:00,292553.5162,14,7,0,0,2,2
1036,2018/1/10 19:00:00,298304.6467,14,7,0,0,2,2
1037,2018/1/10 19:15:00,290168.7999,14,7,0,0,2,2
1038,2018/1/10 19:30:00,290310.7837,14,7,0,0,2,2
1039,2018/1/10 19:45:00,288338.3031,14,7,0,0,2,2
1040,2018/1/10 20:00:00,295284.9274,14,7,0,0,2,2
1041,2018/1/10 20:15:00,286899.2857,14,7,0,0,2,2
1042,2018/1/10 20:30:00,288005.9879,14,7,0,0,2,2
1043,2018/1/10 20:45:00,287259.7441,14,7,0,0,2,2
1044,2018/1/10 21:00:00,295997.3949,14,7,0,0,2,2
1045,2018/1/10 21:15:00,284866.8542,14,7,0,0,2,2
1046,2018/1/10 21:30:00,283383.6037,14,7,0,0,2,2
1047,2018/1/10 21:45:00,281853.3184,14,7,0,0,2,2
1048,2018/1/10 22:00:00,289139.7185,14,7,0,0,2,2
1049,2018/1/10 22:15:00,278990.7905,14,7,0,0,2,2
1050,2018/1/10 22:30:00,276608.9634,14,7,0,0,2,2
1051,2018/1/10 22:45:00,274290.0958,14,7,0,0,2,2
1052,2018/1/10 23:00:00,275757.4289,14,7,0,0,2,2
1053,2018/1/10 23:15:00,263619.8593,14,7,0,0,2,2
1054,2018/1/10 23:30:00,260679.3761,14,7,0,0,2,2
1055,2018/1/10 23:45:00,264602.381,14,7,0,0,2,2
1056,2018/1/11 00:00:00,257756.5801,15,6,0,0,2,2
1057,2018/1/11 00:15:00,248375.4872,15,6,0,0,2,2
1058,2018/1/11 00:30:00,245280.3329,15,6,0,0,2,2
1059,2018/1/11 00:45:00,243279.5311,15,6,0,0,2,2
1060,2018/1/11 01:00:00,245306.2128,15,6,0,0,2,2
1061,2018/1/11 01:15:00,234904.285,15,6,0,0,2,2
1062,2018/1/11 01:30:00,231628.013,15,6,0,0,2,2
1063,2018/1/11 01:45:00,233963.3258,15,6,0,0,2,2
1064,2018/1/11 02:00:00,241733.1525,15,6,0,0,2,2
1065,2018/1/11 02:15:00,229038.4127,15,6,0,0,2,2
1066,2018/1/11 02:30:00,229613.9439,15,6,0,0,2,2
1067,2018/1/11 02:45:00,228084.7672,15,6,0,0,2,2
1068,2018/1/11 03:00:00,237255.9622,15,6,0,0,2,2
1069,2018/1/11 03:15:00,228674.8907,15,6,0,0,2,2
1070,2018/1/11 03:30:00,228541.849,15,6,0,0,2,2
1071,2018/1/11 03:45:00,228937.7317,15,6,0,0,2,2
1072,2018/1/11 04:00:00,236126.0524,15,6,0,0,2,2
1073,2018/1/11 04:15:00,225508.4313,15,6,0,0,2,2
1074,2018/1/11 04:30:00,225281.1461,15,6,0,0,2,2
1075,2018/1/11 04:45:00,227320.3839,15,6,0,0,2,2
1076,2018/1/11 05:00:00,234177.0898,15,6,0,0,2,2
1077,2018/1/11 05:15:00,227092.4204,15,6,0,0,2,2
1078,2018/1/11 05:30:00,228375.1516,15,6,0,0,2,2
1079,2018/1/11 05:45:00,230279.5858,15,6,0,0,2,2
1080,2018/1/11 06:00:00,237785.6923,15,6,0,0,2,2
1081,2018/1/11 06:15:00,237587.7527,15,6,0,0,2,2
1082,2018/1/11 06:30:00,237140.7194,15,6,0,0,2,2
1083,2018/1/11 06:45:00,244025.3931,15,6,0,0,2,2
1084,2018/1/11 07:00:00,256003.7476,15,6,0,0,2,2
1085,2018/1/11 07:15:00,250439.2832,15,6,0,0,2,2
1086,2018/1/11 07:30:00,250237.3203,15,6,0,0,2,2
1087,2018/1/11 07:45:00,254244.3482,15,6,0,0,2,2
1088,2018/1/11 08:00:00,265266.1731,15,6,0,0,2,2
1089,2018/1/11 08:15:00,262507.4669,15,6,0,0,2,2
1090,2018/1/11 08:30:00,267119.9077,15,6,0,0,2,2
1091,2018/1/11 08:45:00,267341.9461,15,6,0,0,2,2
1092,2018/1/11 09:00:00,278909.6325,15,6,0,0,2,2
1093,2018/1/11 09:15:00,273397.1882,15,6,0,0,2,2
1094,2018/1/11 09:30:00,276146.9942,15,6,0,0,2,2
1095,2018/1/11 09:45:00,279477.716,15,6,0,0,2,2
1096,2018/1/11 10:00:00,289285.9936,15,6,0,0,2,2
1097,2018/1/11 10:15:00,299302.4144,15,6,0,0,2,2
1098,2018/1/11 10:30:00,282050.8602,15,6,0,0,2,2
1099,2018/1/11 10:45:00,281420.5878,15,6,0,0,2,2
1100,2018/1/11 11:00:00,291222.3138,15,6,0,0,2,2
1101,2018/1/11 11:15:00,287334.7302,15,6,0,0,2,2
1102,2018/1/11 11:30:00,285813.8731,15,6,0,0,2,2
1103,2018/1/11 11:45:00,283368.2907,15,6,0,0,2,2
1104,2018/1/11 12:00:00,281112.0205,15,6,0,0,2,2
1105,2018/1/11 12:15:00,267363.8291,15,6,0,0,2,2
1106,2018/1/11 12:30:00,265996.6517,15,6,0,0,2,2
1107,2018/1/11 12:45:00,265168.5148,15,6,0,0,2,2
1108,2018/1/11 13:00:00,272015.5191,15,6,0,0,2,2
1109,2018/1/11 13:15:00,266971.2114,15,6,0,0,2,2
1110,2018/1/11 13:30:00,268275.615,15,6,0,0,2,2
1111,2018/1/11 13:45:00,295518.6784,15,6,0,0,2,2
1112,2018/1/11 14:00:00,280517.2971,15,6,0,0,2,2
1113,2018/1/11 14:15:00,274634.3838,15,6,0,0,2,2
1114,2018/1/11 14:30:00,274652.158,15,6,0,0,2,2
1115,2018/1/11 14:45:00,274660.7507,15,6,0,0,2,2
1116,2018/1/11 15:00:00,280574.1547,15,6,0,0,2,2
1117,2018/1/11 15:15:00,272479.0352,15,6,0,0,2,2
1118,2018/1/11 15:30:00,272646.77,15,6,0,0,2,2
1119,2018/1/11 15:45:00,272872.781,15,6,0,0,2,2
1120,2018/1/11 16:00:00,281715.2771,15,6,0,0,2,2
1121,2018/1/11 16:15:00,277046.6641,15,6,0,0,2,2
1122,2018/1/11 16:30:00,276895.9233,15,6,0,0,2,2
1123,2018/1/11 16:45:00,279814.0543,15,6,0,0,2,2
1124,2018/1/11 17:00:00,288903.5841,15,6,0,0,2,2
1125,2018/1/11 17:15:00,293798.7225,15,6,0,0,2,2
1126,2018/1/11 17:30:00,287446.9882,15,6,0,0,2,2
1127,2018/1/11 17:45:00,282548.4098,15,6,0,0,2,2
1128,2018/1/11 18:00:00,290259.4474,15,6,0,0,2,2
1129,2018/1/11 18:15:00,285077.7121,15,6,0,0,2,2
1130,2018/1/11 18:30:00,286253.4958,15,6,0,0,2,2
1131,2018/1/11 18:45:00,287134.1205,15,6,0,0,2,2
1132,2018/1/11 19:00:00,292706.4598,15,6,0,0,2,2
1133,2018/1/11 19:15:00,284824.2262,15,6,0,0,2,2
1134,2018/1/11 19:30:00,285175.1537,15,6,0,0,2,2
1135,2018/1/11 19:45:00,284616.9567,15,6,0,0,2,2
1136,2018/1/11 20:00:00,290424.6913,15,6,0,0,2,2
1137,2018/1/11 20:15:00,284583.769,15,6,0,0,2,2
1138,2018/1/11 20:30:00,284415.6891,15,6,0,0,2,2
1139,2018/1/11 20:45:00,283746.2491,15,6,0,0,2,2
1140,2018/1/11 21:00:00,290820.5571,15,6,0,0,2,2
1141,2018/1/11 21:15:00,283099.7124,15,6,0,0,2,2
1142,2018/1/11 21:30:00,281313.4625,15,6,0,0,2,2
1143,2018/1/11 21:45:00,280963.8108,15,6,0,0,2,2
1144,2018/1/11 22:00:00,286126.1484,15,6,0,0,2,2
1145,2018/1/11 22:15:00,277693.0244,15,6,0,0,2,2
1146,2018/1/11 22:30:00,274924.414,15,6,0,0,2,2
1147,2018/1/11 22:45:00,272312.166,15,6,0,0,2,2
1148,2018/1/11 23:00:00,282007.0004,15,6,0,0,2,2
1149,2018/1/11 23:15:00,264091.5598,15,6,0,0,2,2
1150,2018/1/11 23:30:00,255482.7085,15,6,0,0,2,2
1151,2018/1/11 23:45:00,251368.6672,15,6,0,0,2,2
1152,2018/1/12 00:00:00,257279.1719,16,6,0,0,1,1
1153,2018/1/12 00:15:00,244572.3949,16,6,0,0,1,1
1154,2018/1/12 00:30:00,242882.9032,16,6,0,0,1,1
1155,2018/1/12 00:45:00,239742.3807,16,6,0,0,1,1
1156,2018/1/12 01:00:00,244257.1906,16,6,0,0,1,1
1157,2018/1/12 01:15:00,236569.9693,16,6,0,0,1,1
1158,2018/1/12 01:30:00,233646.9802,16,6,0,0,1,1
1159,2018/1/12 01:45:00,229577.4119,16,6,0,0,1,1
1160,2018/1/12 02:00:00,240566.1981,16,6,0,0,1,1
1161,2018/1/12 02:15:00,227892.1784,16,6,0,0,1,1
1162,2018/1/12 02:30:00,228900.7017,16,6,0,0,1,1
1163,2018/1/12 02:45:00,229172.2387,16,6,0,0,1,1
1164,2018/1/12 03:00:00,236872.5849,16,6,0,0,1,1
1165,2018/1/12 03:15:00,227575.2807,16,6,0,0,1,1
1166,2018/1/12 03:30:00,227941.4141,16,6,0,0,1,1
1167,2018/1/12 03:45:00,226920.512,16,6,0,0,1,1
1168,2018/1/12 04:00:00,233282.4411,16,6,0,0,1,1
1169,2018/1/12 04:15:00,225817.3774,16,6,0,0,1,1
1170,2018/1/12 04:30:00,248120.8112,16,6,0,0,1,1
1171,2018/1/12 04:45:00,226271.6508,16,6,0,0,1,1
1172,2018/1/12 05:00:00,232626.0362,16,6,0,0,1,1
1173,2018/1/12 05:15:00,238977.4843,16,6,0,0,1,1
1174,2018/1/12 05:30:00,238838.1176,16,6,0,0,1,1
1175,2018/1/12 05:45:00,227447.6254,16,6,0,0,1,1
1176,2018/1/12 06:00:00,238678.0491,16,6,0,0,1,1
1177,2018/1/12 06:15:00,235497.9224,16,6,0,0,1,1
1178,2018/1/12 06:30:00,233647.9766,16,6,0,0,1,1
1179,2018/1/12 06:45:00,261402.6821,16,6,0,0,1,1
1180,2018/1/12 07:00:00,251640.6274,16,6,0,0,1,1
1181,2018/1/12 07:15:00,249904.0169,16,6,0,0,1,1
1182,2018/1/12 07:30:00,253964.7819,16,6,0,0,1,1
1183,2018/1/12 07:45:00,254858.5319,16,6,0,0,1,1
1184,2018/1/12 08:00:00,262704.4335,16,6,0,0,1,1
1185,2018/1/12 08:15:00,280989.1258,16,6,0,0,1,1
1186,2018/1/12 08:30:00,267446.3792,16,6,0,0,1,1
1187,2018/1/12 08:45:00,270112.7409,16,6,0,0,1,1
1188,2018/1/12 09:00:00,280078.2852,16,6,0,0,1,1
1189,2018/1/12 09:15:00,273506.1081,16,6,0,0,1,1
1190,2018/1/12 09:30:00,277246.0672,16,6,0,0,1,1
1191,2018/1/12 09:45:00,278322.1607,16,6,0,0,1,1
1192,2018/1/12 10:00:00,289277.9913,16,6,0,0,1,1
1193,2018/1/12 10:15:00,282072.2632,16,6,0,0,1,1
1194,2018/1/12 10:30:00,283308.7107,16,6,0,0,1,1
1195,2018/1/12 10:45:00,283635.9478,16,6,0,0,1,1
1196,2018/1/12 11:00:00,291119.5742,16,6,0,0,1,1
1197,2018/1/12 11:15:00,287995.4037,16,6,0,0,1,1
1198,2018/1/12 11:30:00,302846.982,16,6,0,0,1,1
1199,2018/1/12 11:45:00,280705.2753,16,6,0,0,1,1
1200,2018/1/12 12:00:00,282063.906,16,6,0,0,1,1
1201,2018/1/12 12:15:00,267494.1298,16,6,0,0,1,1
1202,2018/1/12 12:30:00,267489.6943,16,6,0,0,1,1
1203,2018/1/12 12:45:00,266448.1528,16,6,0,0,1,1
1204,2018/1/12 13:00:00,273765.6716,16,6,0,0,1,1
1205,2018/1/12 13:15:00,267370.2908,16,6,0,0,1,1
1206,2018/1/12 13:30:00,268000.3101,16,6,0,0,1,1
1207,2018/1/12 13:45:00,271944.7853,16,6,0,0,1,1
1208,2018/1/12 14:00:00,281252.4381,16,6,0,0,1,1
1209,2018/1/12 14:15:00,274035.3687,16,6,0,0,1,1
1210,2018/1/12 14:30:00,273328.7035,16,6,0,0,1,1
1211,2018/1/12 14:45:00,276124.8256,16,6,0,0,1,1
1212,2018/1/12 15:00:00,280752.5973,16,6,0,0,1,1
1213,2018/1/12 15:15:00,274338.1022,16,6,0,0,1,1
1214,2018/1/12 15:30:00,279287.6383,16,6,0,0,1,1
1215,2018/1/12 15:45:00,275469.0902,16,6,0,0,1,1
1216,2018/1/12 16:00:00,283760.9037,16,6,0,0,1,1
1217,2018/1/12 16:15:00,277067.036,16,6,0,0,1,1
1218,2018/1/12 16:30:00,279070.9049,16,6,0,0,1,1
1219,2018/1/12 16:45:00,280344.7269,16,6,0,0,1,1
1220,2018/1/12 17:00:00,289565.5782,16,6,0,0,1,1
1221,2018/1/12 17:15:00,282930.8597,16,6,0,0,1,1
1222,2018/1/12 17:30:00,283429.8329,16,6,0,0,1,1
1223,2018/1/12 17:45:00,280143.2467,16,6,0,0,1,1
1224,2018/1/12 18:00:00,287729.4545,16,6,0,0,1,1
1225,2018/1/12 18:15:00,284016.6172,16,6,0,0,1,1
1226,2018/1/12 18:30:00,284758.9689,16,6,0,0,1,1
1227,2018/1/12 18:45:00,288097.3787,16,6,0,0,1,1
1228,2018/1/12 19:00:00,292661.8596,16,6,0,0,1,1
1229,2018/1/12 19:15:00,285458.7352,16,6,0,0,1,1
1230,2018/1/12 19:30:00,285642.1315,16,6,0,0,1,1
1231,2018/1/12 19:45:00,283156.473,16,6,0,0,1,1
1232,2018/1/12 20:00:00,289311.1914,16,6,0,0,1,1
1233,2018/1/12 20:15:00,284510.8142,16,6,0,0,1,1
1234,2018/1/12 20:30:00,283487.6178,16,6,0,0,1,1
1235,2018/1/12 20:45:00,282814.695,16,6,0,0,1,1
1236,2018/1/12 21:00:00,288801.5074,16,6,0,0,1,1
1237,2018/1/12 21:15:00,282054.9646,16,6,0,0,1,1
1238,2018/1/12 21:30:00,280757.988,16,6,0,0,1,1
1239,2018/1/12 21:45:00,290037.3294,16,6,0,0,1,1
1240,2018/1/12 22:00:00,287532.7351,16,6,0,0,1,1
1241,2018/1/12 22:15:00,275719.5648,16,6,0,0,1,1
1242,2018/1/12 22:30:00,275054.8631,16,6,0,0,1,1
1243,2018/1/12 22:45:00,273428.438,16,6,0,0,1,1
1244,2018/1/12 23:00:00,272011.8205,16,6,0,0,1,1
1245,2018/1/12 23:15:00,263618.0981,16,6,0,0,1,1
1246,2018/1/12 23:30:00,258770.7138,16,6,0,0,1,1
1247,2018/1/12 23:45:00,255258.5055,16,6,0,0,1,1
1248,2018/1/13 00:00:00,257543.3267,17,7,0,0,1,1
1249,2018/1/13 00:15:00,255994.8562,17,7,0,0,1,1
1250,2018/1/13 00:30:00,240934.5935,17,7,0,0,1,1
1251,2018/1/13 00:45:00,240088.9274,17,7,0,0,1,1
1252,2018/1/13 01:00:00,243802.6155,17,7,0,0,1,1
1253,2018/1/13 01:15:00,234273.2104,17,7,0,0,1,1
1254,2018/1/13 01:30:00,235515.2636,17,7,0,0,1,1
1255,2018/1/13 01:45:00,234017.6559,17,7,0,0,1,1
1256,2018/1/13 02:00:00,235977.4575,17,7,0,0,1,1
1257,2018/1/13 02:15:00,231134.93,17,7,0,0,1,1
1258,2018/1/13 02:30:00,229715.0575,17,7,0,0,1,1
1259,2018/1/13 02:45:00,227263.272,17,7,0,0,1,1
1260,2018/1/13 03:00:00,232525.6173,17,7,0,0,1,1
1261,2018/1/13 03:15:00,228657.0986,17,7,0,0,1,1
1262,2018/1/13 03:30:00,227242.6631,17,7,0,0,1,1
1263,2018/1/13 03:45:00,226683.892,17,7,0,0,1,1
1264,2018/1/13 04:00:00,234369.3675,17,7,0,0,1,1
1265,2018/1/13 04:15:00,223227.5946,17,7,0,0,1,1
1266,2018/1/13 04:30:00,235481.3694,17,7,0,0,1,1
1267,2018/1/13 04:45:00,224965.885,17,7,0,0,1,1
1268,2018/1/13 05:00:00,234457.3711,17,7,0,0,1,1
1269,2018/1/13 05:15:00,224911.4159,17,7,0,0,1,1
1270,2018/1/13 05:30:00,225473.5349,17,7,0,0,1,1
1271,2018/1/13 05:45:00,227883.3018,17,7,0,0,1,1
1272,2018/1/13 06:00:00,234008.6719,17,7,0,0,1,1
1273,2018/1/13 06:15:00,228436.6392,17,7,0,0,1,1
1274,2018/1/13 06:30:00,231871.2221,17,7,0,0,1,1
1275,2018/1/13 06:45:00,233164.8489,17,7,0,0,1,1
1276,2018/1/13 07:00:00,239588.1691,17,7,0,0,1,1
1277,2018/1/13 07:15:00,243008.6547,17,7,0,0,1,1
1278,2018/1/13 07:30:00,243555.1029,17,7,0,0,1,1
1279,2018/1/13 07:45:00,248479.5599,17,7,0,0,1,1
1280,2018/1/13 08:00:00,252135.9311,17,7,0,0,1,1
1281,2018/1/13 08:15:00,257333.4849,17,7,0,0,1,1
1282,2018/1/13 08:30:00,262067.5799,17,7,0,0,1,1
1283,2018/1/13 08:45:00,266642.3303,17,7,0,0,1,1
1284,2018/1/13 09:00:00,273359.8195,17,7,0,0,1,1
1285,2018/1/13 09:15:00,269802.6619,17,7,0,0,1,1
1286,2018/1/13 09:30:00,270851.8934,17,7,0,0,1,1
1287,2018/1/13 09:45:00,273581.5547,17,7,0,0,1,1
1288,2018/1/13 10:00:00,279159.0412,17,7,0,0,1,1
1289,2018/1/13 10:15:00,276217.203,17,7,0,0,1,1
1290,2018/1/13 10:30:00,279490.7499,17,7,0,0,1,1
1291,2018/1/13 10:45:00,277983.9044,17,7,0,0,1,1
1292,2018/1/13 11:00:00,285376.8781,17,7,0,0,1,1
1293,2018/1/13 11:15:00,280500.9518,17,7,0,0,1,1
1294,2018/1/13 11:30:00,278637.4351,17,7,0,0,1,1
1295,2018/1/13 11:45:00,276681.149,17,7,0,0,1,1
1296,2018/1/13 12:00:00,276841.9661,17,7,0,0,1,1
1297,2018/1/13 12:15:00,264684.3814,17,7,0,0,1,1
1298,2018/1/13 12:30:00,285375.7016,17,7,0,0,1,1
1299,2018/1/13 12:45:00,264350.7187,17,7,0,0,1,1
1300,2018/1/13 13:00:00,270241.0325,17,7,0,0,1,1
1301,2018/1/13 13:15:00,264441.077,17,7,0,0,1,1
1302,2018/1/13 13:30:00,265359.7631,17,7,0,0,1,1
1303,2018/1/13 13:45:00,270707.1312,17,7,0,0,1,1
1304,2018/1/13 14:00:00,278120.382,17,7,0,0,1,1
1305,2018/1/13 14:15:00,272448.6013,17,7,0,0,1,1
1306,2018/1/13 14:30:00,270306.3434,17,7,0,0,1,1
1307,2018/1/13 14:45:00,271964.7947,17,7,0,0,1,1
1308,2018/1/13 15:00:00,277090.8103,17,7,0,0,1,1
1309,2018/1/13 15:15:00,270536.2698,17,7,0,0,1,1
1310,2018/1/13 15:30:00,272785.0459,17,7,0,0,1,1
1311,2018/1/13 15:45:00,271908.6863,17,7,0,0,1,1
1312,2018/1/13 16:00:00,278882.1268,17,7,0,0,1,1
1313,2018/1/13 16:15:00,293361.4419,17,7,0,0,1,1
1314,2018/1/13 16:30:00,275401.1144,17,7,0,0,1,1
1315,2018/1/13 16:45:00,277936.4343,17,7,0,0,1,1
1316,2018/1/13 17:00:00,283330.1595,17,7,0,0,1,1
1317,2018/1/13 17:15:00,281692.1113,17,7,0,0,1,1
1318,2018/1/13 17:30:00,278997.7662,17,7,0,0,1,1
1319,2018/1/13 17:45:00,278711.9361,17,7,0,0,1,1
1320,2018/1/13 18:00:00,281685.3929,17,7,0,0,1,1
1321,2018/1/13 18:15:00,281735.1027,17,7,0,0,1,1
1322,2018/1/13 18:30:00,282161.233,17,7,0,0,1,1
1323,2018/1/13 18:45:00,284094.2037,17,7,0,0,1,1
1324,2018/1/13 19:00:00,288444.7814,17,7,0,0,1,1
1325,2018/1/13 19:15:00,283395.2253,17,7,0,0,1,1
1326,2018/1/13 19:30:00,281032.3866,17,7,0,0,1,1
1327,2018/1/13 19:45:00,278801.5421,17,7,0,0,1,1
1328,2018/1/13 20:00:00,284127.2746,17,7,0,0,1,1
1329,2018/1/13 20:15:00,276754.0631,17,7,0,0,1,1
1330,2018/1/13 20:30:00,277799.4885,17,7,0,0,1,1
1331,2018/1/13 20:45:00,278398.8893,17,7,0,0,1,1
1332,2018/1/13 21:00:00,284572.7254,17,7,0,0,1,1
1333,2018/1/13 21:15:00,277427.1827,17,7,0,0,1,1
1334,2018/1/13 21:30:00,276707.8996,17,7,0,0,1,1
1335,2018/1/13 21:45:00,274536.3878,17,7,0,0,1,1
1336,2018/1/13 22:00:00,279555.792,17,7,0,0,1,1
1337,2018/1/13 22:15:00,274145.1169,17,7,0,0,1,1
1338,2018/1/13 22:30:00,270758.1947,17,7,0,0,1,1
1339,2018/1/13 22:45:00,268167.1137,17,7,0,0,1,1
1340,2018/1/13 23:00:00,269996.7272,17,7,0,0,1,1
1341,2018/1/13 23:15:00,259609.4029,17,7,0,0,1,1
1342,2018/1/13 23:30:00,267704.6087,17,7,0,0,1,1
1343,2018/1/13 23:45:00,251174.2322,17,7,0,0,1,1
1344,2018/1/14 00:00:00,254620.2619,20,10,0,0,2,2
1345,2018/1/14 00:15:00,246098.2032,20,10,0,0,2,2
1346,2018/1/14 00:30:00,240377.4932,20,10,0,0,2,2
1347,2018/1/14 00:45:00,240528.6284,20,10,0,0,2,2
1348,2018/1/14 01:00:00,243295.3742,20,10,0,0,2,2
1349,2018/1/14 01:15:00,235143.9077,20,10,0,0,2,2
1350,2018/1/14 01:30:00,234452.8684,20,10,0,0,2,2
1351,2018/1/14 01:45:00,233806.1715,20,10,0,0,2,2
1352,2018/1/14 02:00:00,237023.8375,20,10,0,0,2,2
1353,2018/1/14 02:15:00,229575.8002,20,10,0,0,2,2
1354,2018/1/14 02:30:00,225742.5767,20,10,0,0,2,2
1355,2018/1/14 02:45:00,226323.677,20,10,0,0,2,2
1356,2018/1/14 03:00:00,231446.8591,20,10,0,0,2,2
1357,2018/1/14 03:15:00,225985.344,20,10,0,0,2,2
1358,2018/1/14 03:30:00,223595.7558,20,10,0,0,2,2
1359,2018/1/14 03:45:00,224820.6473,20,10,0,0,2,2
1360,2018/1/14 04:00:00,228434.1557,20,10,0,0,2,2
1361,2018/1/14 04:15:00,223562.51100000003,20,10,0,0,2,2
1362,2018/1/14 04:30:00,226238.0039,20,10,0,0,2,2
1363,2018/1/14 04:45:00,221349.9454,20,10,0,0,2,2
1364,2018/1/14 05:00:00,231523.8754,20,10,0,0,2,2
1365,2018/1/14 05:15:00,222695.1271,20,10,0,0,2,2
1366,2018/1/14 05:30:00,223721.0868,20,10,0,0,2,2
1367,2018/1/14 05:45:00,224958.9239,20,10,0,0,2,2
1368,2018/1/14 06:00:00,228510.9659,20,10,0,0,2,2
1369,2018/1/14 06:15:00,227310.1871,20,10,0,0,2,2
1370,2018/1/14 06:30:00,226116.8474,20,10,0,0,2,2
1371,2018/1/14 06:45:00,229023.607,20,10,0,0,2,2
1372,2018/1/14 07:00:00,231948.4196,20,10,0,0,2,2
1373,2018/1/14 07:15:00,232152.3738,20,10,0,0,2,2
1374,2018/1/14 07:30:00,238786.0938,20,10,0,0,2,2
1375,2018/1/14 07:45:00,241698.8625,20,10,0,0,2,2
1376,2018/1/14 08:00:00,260815.589,20,10,0,0,2,2
1377,2018/1/14 08:15:00,248342.2443,20,10,0,0,2,2
1378,2018/1/14 08:30:00,252166.7723,20,10,0,0,2,2
1379,2018/1/14 08:45:00,256555.8229,20,10,0,0,2,2
1380,2018/1/14 09:00:00,263014.5652,20,10,0,0,2,2
1381,2018/1/14 09:15:00,260448.8516,20,10,0,0,2,2
1382,2018/1/14 09:30:00,264235.0588,20,10,0,0,2,2
1383,2018/1/14 09:45:00,266126.3644,20,10,0,0,2,2
1384,2018/1/14 10:00:00,275458.6729,20,10,0,0,2,2
1385,2018/1/14 10:15:00,269368.1299,20,10,0,0,2,2
1386,2018/1/14 10:30:00,270822.5327,20,10,0,0,2,2
1387,2018/1/14 10:45:00,270728.6939,20,10,0,0,2,2
1388,2018/1/14 11:00:00,279463.8811,20,10,0,0,2,2
1389,2018/1/14 11:15:00,275302.9531,20,10,0,0,2,2
1390,2018/1/14 11:30:00,273906.2123,20,10,0,0,2,2
1391,2018/1/14 11:45:00,271967.8223,20,10,0,0,2,2
1392,2018/1/14 12:00:00,271518.9473,20,10,0,0,2,2
1393,2018/1/14 12:15:00,260911.4966,20,10,0,0,2,2
1394,2018/1/14 12:30:00,261308.798,20,10,0,0,2,2
1395,2018/1/14 12:45:00,259609.4268,20,10,0,0,2,2
1396,2018/1/14 13:00:00,263433.0705,20,10,0,0,2,2
1397,2018/1/14 13:15:00,260639.4135,20,10,0,0,2,2
1398,2018/1/14 13:30:00,262523.6949,20,10,0,0,2,2
1399,2018/1/14 13:45:00,264356.2926,20,10,0,0,2,2
1400,2018/1/14 14:00:00,272090.363,20,10,0,0,2,2
1401,2018/1/14 14:15:00,264296.9185,20,10,0,0,2,2
1402,2018/1/14 14:30:00,265050.74600000004,20,10,0,0,2,2
1403,2018/1/14 14:45:00,263726.4423,20,10,0,0,2,2
1404,2018/1/14 15:00:00,272342.2584,20,10,0,0,2,2
1405,2018/1/14 15:15:00,266695.8154,20,10,0,0,2,2
1406,2018/1/14 15:30:00,266333.1586,20,10,0,0,2,2
1407,2018/1/14 15:45:00,266349.3821,20,10,0,0,2,2
1408,2018/1/14 16:00:00,281809.5524,20,10,0,0,2,2
1409,2018/1/14 16:15:00,267661.9463,20,10,0,0,2,2
1410,2018/1/14 16:30:00,269280.3859,20,10,0,0,2,2
1411,2018/1/14 16:45:00,276263.1933,20,10,0,0,2,2
1412,2018/1/14 17:00:00,280739.2001,20,10,0,0,2,2
1413,2018/1/14 17:15:00,276120.5844,20,10,0,0,2,2
1414,2018/1/14 17:30:00,276512.0735,20,10,0,0,2,2
1415,2018/1/14 17:45:00,275792.3209,20,10,0,0,2,2
1416,2018/1/14 18:00:00,282403.6535,20,10,0,0,2,2
1417,2018/1/14 18:15:00,278286.793,20,10,0,0,2,2
1418,2018/1/14 18:30:00,279192.7456,20,10,0,0,2,2
1419,2018/1/14 18:45:00,277622.7377,20,10,0,0,2,2
1420,2018/1/14 19:00:00,280651.8387,20,10,0,0,2,2
1421,2018/1/14 19:15:00,276259.9533,20,10,0,0,2,2
1422,2018/1/14 19:30:00,274199.4777,20,10,0,0,2,2
1423,2018/1/14 19:45:00,282927.1987,20,10,0,0,2,2
1424,2018/1/14 20:00:00,278108.4558,20,10,0,0,2,2
1425,2018/1/14 20:15:00,273539.097,20,10,0,0,2,2
1426,2018/1/14 20:30:00,275607.4879,20,10,0,0,2,2
1427,2018/1/14 20:45:00,275527.6707,20,10,0,0,2,2
1428,2018/1/14 21:00:00,281349.3039,20,10,0,0,2,2
1429,2018/1/14 21:15:00,274624.6294,20,10,0,0,2,2
1430,2018/1/14 21:30:00,274518.9247,20,10,0,0,2,2
1431,2018/1/14 21:45:00,283362.4974,20,10,0,0,2,2
1432,2018/1/14 22:00:00,274366.4133,20,10,0,0,2,2
1433,2018/1/14 22:15:00,266311.3403,20,10,0,0,2,2
1434,2018/1/14 22:30:00,265310.2785,20,10,0,0,2,2
1435,2018/1/14 22:45:00,261445.6821,20,10,0,0,2,2
1436,2018/1/14 23:00:00,261757.4549,20,10,0,0,2,2
1437,2018/1/14 23:15:00,252103.9613,20,10,0,0,2,2
1438,2018/1/14 23:30:00,248351.5415,20,10,0,0,2,2
1439,2018/1/14 23:45:00,246574.5762,20,10,0,0,2,2
