id,views,comments,category
5019,148896,28,艺术可视化
1416,81374,26,基础可视化
1416,81374,26,特别推荐
3485,80819,37,特别推荐
3485,80819,37,基础可视化
3485,80819,37,数据源
500,76495,10,统计可视化
500,76495,10,基础可视化
500,76495,10,网络可视化
4092,66650,70,丑陋的可视化
4092,66650,70,错误数据
2432,42512,17,信息图
4449,36166,10,特别推荐
4449,36166,10,基础可视化
836,34972,56,项目
836,34972,56,特别推荐
836,34972,56,基础可视化
836,34972,56,数据源
4869,33705,90,信息图
3100,32143,45,数据源
3100,32143,45,特别推荐
4122,31076,8,基础可视化
1079,29646,41,可视化软件
1079,29646,41,特别推荐
975,25247,11,丑陋的可视化
2545,25190,12,其他
979,25062,25,特别推荐
979,25062,25,丑陋的可视化
540,24302,8,特别推荐
540,24302,8,基础可视化
3581,23311,87,基础可视化
3581,23311,87,教程
3581,23311,87,特别推荐
1551,21632,22,基础可视化
1245,20746,14,特别推荐
1245,20746,14,基础可视化
889,20703,26,特别推荐
889,20703,26,项目
889,20703,26,统计可视化
763,20446,5,特别推荐
763,20446,5,基础可视化
1141,20016,37,信息图
4627,19763,11,特别推荐
4627,19763,11,数据设计提示
1585,19640,25,特别推荐
1585,19640,25,数据设计提示
1585,19640,25,统计可视化
409,19266,12,统计可视化
4976,18950,7,其他
663,18887,24,信息图
1458,18839,13,信息图
2525,18697,2,网络可视化
800,18612,25,引用
498,18182,5,数据源
681,16850,13,其他
2591,16669,10,信息图
949,16292,2,其他
1541,15914,45,基础可视化
1541,15914,45,统计可视化
1541,15914,45,特别推荐
459,15752,14,信息图
655,15599,10,特别推荐
655,15599,10,可视化软件
3805,15536,42,信息图
7,15260,2,基础可视化
4075,15138,58,基础可视化
3935,15104,14,数据设计提示
3935,15104,14,特别推荐
2551,14846,39,数据设计提示
2551,14846,39,特别推荐
706,14123,16,统计可视化
4276,13670,14,其他
1223,12560,7,统计可视化
1223,12560,7,数据设计提示
637,12341,13,基础可视化
842,12155,4,基础可视化
842,12155,4,经济可视化
364,12012,9,特别推荐
3544,11948,6,基础可视化
645,11790,10,数据源
517,11709,1,艺术可视化
1303,11651,8,信息图
682,11266,2,艺术可视化
2711,11230,2,艺术可视化
3228,11081,8,基础可视化
1062,10820,7,基础可视化
4884,10810,37,统计可视化
4884,10810,37,教程
4884,10810,37,特别推荐
952,10748,12,基础可视化
952,10748,12,项目
952,10748,12,特别推荐
1343,10746,18,统计可视化
717,10649,6,基础可视化
1293,10460,3,基础可视化
3459,10286,6,信息图
2441,10114,12,其他
1016,9954,9,其他
2734,9086,8,统计可视化
687,8993,0,信息图
